failed to get console mode for stdout: The handle is invalid.
failed to get console mode for stdout: The handle is invalid.
[1A[1B[0G[?25l[+] Building 0.0s (0/0)  docker:default
[?25h[1A[0G[?25l[+] Building 0.0s (0/0)  docker:default
[?25h[1A[0G[?25l[+] Building 0.0s (0/0)  docker:default
[?25h[1A[0G[?25l[+] Building 0.0s (0/0)  docker:default
[?25h[1A[0G[?25l[+] Building 0.0s (0/0)  docker:default
[?25h[1A[0G[?25l[+] Building 0.0s (0/1)                                          docker:default
[?25h[1A[0G[?25l[+] Building 0.2s (1/3)                                          docker:default
[36m => [internal] load build definition from Dockerfile                       0.0s
[0m[36m => => transferring dockerfile: 608B                                       0.0s
[0m => [internal] load metadata for docker.io/library/alpine:latest           0.2s
 => [internal] load metadata for docker.io/library/golang:1.22             0.2s
[?25h[1A[1A[1A[1A[1A[0G[?25l[+] Building 0.3s (1/3)                                          docker:default
[36m => [internal] load build definition from Dockerfile                       0.0s
[0m[36m => => transferring dockerfile: 608B                                       0.0s
[0m => [internal] load metadata for docker.io/library/alpine:latest           0.3s
 => [internal] load metadata for docker.io/library/golang:1.22             0.3s
[?25h[1A[1A[1A[1A[1A[0G[?25l[+] Building 0.5s (1/3)                                          docker:default
[36m => [internal] load build definition from Dockerfile                       0.0s
[0m[36m => => transferring dockerfile: 608B                                       0.0s
[0m => [internal] load metadata for docker.io/library/alpine:latest           0.5s
 => [internal] load metadata for docker.io/library/golang:1.22             0.5s
[?25h[1A[1A[1A[1A[1A[0G[?25l[+] Building 0.6s (1/3)                                          docker:default
[36m => [internal] load build definition from Dockerfile                       0.0s
[0m[36m => => transferring dockerfile: 608B                                       0.0s
[0m => [internal] load metadata for docker.io/library/alpine:latest           0.6s
 => [internal] load metadata for docker.io/library/golang:1.22             0.6s
[?25h[1A[1A[1A[1A[1A[0G[?25l[+] Building 0.8s (1/3)                                          docker:default
[36m => [internal] load build definition from Dockerfile                       0.0s
[0m[36m => => transferring dockerfile: 608B                                       0.0s
[0m => [internal] load metadata for docker.io/library/alpine:latest           0.8s
 => [internal] load metadata for docker.io/library/golang:1.22             0.8s
[?25h[1A[1A[1A[1A[1A[0G[?25l[+] Building 0.9s (1/3)                                          docker:default
[36m => [internal] load build definition from Dockerfile                       0.0s
[0m[36m => => transferring dockerfile: 608B                                       0.0s
[0m => [internal] load metadata for docker.io/library/alpine:latest           0.9s
 => [internal] load metadata for docker.io/library/golang:1.22             0.9s
[?25h[1A[1A[1A[1A[1A[0G[?25l[+] Building 1.1s (1/3)                                          docker:default
[36m => [internal] load build definition from Dockerfile                       0.0s
[0m[36m => => transferring dockerfile: 608B                                       0.0s
[0m => [internal] load metadata for docker.io/library/alpine:latest           1.1s
 => [internal] load metadata for docker.io/library/golang:1.22             1.1s
[?25h[1A[1A[1A[1A[1A[0G[?25l[+] Building 1.2s (1/3)                                          docker:default
[36m => [internal] load build definition from Dockerfile                       0.0s
[0m[36m => => transferring dockerfile: 608B                                       0.0s
[0m => [internal] load metadata for docker.io/library/alpine:latest           1.2s
 => [internal] load metadata for docker.io/library/golang:1.22             1.2s
[?25h[1A[1A[1A[1A[1A[0G[?25l[+] Building 1.4s (1/3)                                          docker:default
[36m => [internal] load build definition from Dockerfile                       0.0s
[0m[36m => => transferring dockerfile: 608B                                       0.0s
[0m => [internal] load metadata for docker.io/library/alpine:latest           1.4s
 => [internal] load metadata for docker.io/library/golang:1.22             1.4s
[?25h[1A[1A[1A[1A[1A[0G[?25l[+] Building 1.5s (2/3)                                          docker:default
[36m => [internal] load build definition from Dockerfile                       0.0s
[0m[36m => => transferring dockerfile: 608B                                       0.0s
[0m[36m => [internal] load metadata for docker.io/library/alpine:latest           1.5s
[0m => [internal] load metadata for docker.io/library/golang:1.22             1.5s
[?25h[1A[1A[1A[1A[1A[0G[?25l[+] Building 1.6s (7/15)                                         docker:default
[36m => [internal] load metadata for docker.io/library/alpine:latest           1.5s
[0m[36m => [internal] load metadata for docker.io/library/golang:1.22             1.5s
[0m[36m => [internal] load .dockerignore                                          0.0s
[0m[36m => => transferring context: 2B                                            0.0s
[0m[36m => [build 1/6] FROM docker.io/library/golang:1.22@sha256:d5e49f92b9566b0  0.0s
[0m[36m => [stage-1 1/4] FROM docker.io/library/alpine:latest@sha256:0a4eaa0eecf  0.0s
[0m[36m => [internal] load build context                                          0.1s
[0m[36m => => transferring context: 14.36kB                                       0.0s
[0m[?25h[1A[1A[1A[1A[1A[1A[1A[1A[1A[0G[?25l[+] Building 1.8s (11/15)                                        docker:default
[36m => [build 1/6] FROM docker.io/library/golang:1.22@sha256:d5e49f92b9566b0  0.0s
[0m[36m => [stage-1 1/4] FROM docker.io/library/alpine:latest@sha256:0a4eaa0eecf  0.0s
[0m[36m => [internal] load build context                                          0.1s
[0m[36m => => transferring context: 14.36kB                                       0.0s
[0m[36m => CACHED [build 2/6] WORKDIR /app                                        0.0s
[0m[36m => CACHED [build 3/6] COPY go.mod go.sum ./                               0.0s
[0m[36m => CACHED [build 4/6] RUN go mod download                                 0.0s
[0m[36m => [build 5/6] COPY . .                                                   0.1s
[0m[?25h[1A[1A[1A[1A[1A[1A[1A[1A[1A[0G[?25l[+] Building 1.9s (11/15)                                        docker:default
[36m => [stage-1 1/4] FROM docker.io/library/alpine:latest@sha256:0a4eaa0eecf  0.0s
[0m[36m => [internal] load build context                                          0.1s
[0m[36m => => transferring context: 14.36kB                                       0.0s
[0m[36m => CACHED [build 2/6] WORKDIR /app                                        0.0s
[0m[36m => CACHED [build 3/6] COPY go.mod go.sum ./                               0.0s
[0m[36m => CACHED [build 4/6] RUN go mod download                                 0.0s
[0m[36m => [build 5/6] COPY . .                                                   0.1s
[0m => [build 6/6] RUN go build -o main ./cmd/main.go                         0.2s
[?25h[1A[1A[1A[1A[1A[1A[1A[1A[1A[0G[?25l[+] Building 2.1s (11/15)                                        docker:default
[36m => [stage-1 1/4] FROM docker.io/library/alpine:latest@sha256:0a4eaa0eecf  0.0s
[0m[36m => [internal] load build context                                          0.1s
[0m[36m => => transferring context: 14.36kB                                       0.0s
[0m[36m => CACHED [build 2/6] WORKDIR /app                                        0.0s
[0m[36m => CACHED [build 3/6] COPY go.mod go.sum ./                               0.0s
[0m[36m => CACHED [build 4/6] RUN go mod download                                 0.0s
[0m[36m => [build 5/6] COPY . .                                                   0.1s
[0m => [build 6/6] RUN go build -o main ./cmd/main.go                         0.3s
[?25h[1A[1A[1A[1A[1A[1A[1A[1A[1A[0G[?25l[+] Building 2.2s (11/15)                                        docker:default
[36m => [stage-1 1/4] FROM docker.io/library/alpine:latest@sha256:0a4eaa0eecf  0.0s
[0m[36m => [internal] load build context                                          0.1s
[0m[36m => => transferring context: 14.36kB                                       0.0s
[0m[36m => CACHED [build 2/6] WORKDIR /app                                        0.0s
[0m[36m => CACHED [build 3/6] COPY go.mod go.sum ./                               0.0s
[0m[36m => CACHED [build 4/6] RUN go mod download                                 0.0s
[0m[36m => [build 5/6] COPY . .                                                   0.1s
[0m => [build 6/6] RUN go build -o main ./cmd/main.go                         0.5s
[?25h[1A[1A[1A[1A[1A[1A[1A[1A[1A[0G[?25l[+] Building 2.4s (11/15)                                        docker:default
[36m => [stage-1 1/4] FROM docker.io/library/alpine:latest@sha256:0a4eaa0eecf  0.0s
[0m[36m => [internal] load build context                                          0.1s
[0m[36m => => transferring context: 14.36kB                                       0.0s
[0m[36m => CACHED [build 2/6] WORKDIR /app                                        0.0s
[0m[36m => CACHED [build 3/6] COPY go.mod go.sum ./                               0.0s
[0m[36m => CACHED [build 4/6] RUN go mod download                                 0.0s
[0m[36m => [build 5/6] COPY . .                                                   0.1s
[0m => [build 6/6] RUN go build -o main ./cmd/main.go                         0.6s
[?25h[1A[1A[1A[1A[1A[1A[1A[1A[1A[0G[?25l[+] Building 2.5s (11/15)                                        docker:default
[36m => [stage-1 1/4] FROM docker.io/library/alpine:latest@sha256:0a4eaa0eecf  0.0s
[0m[36m => [internal] load build context                                          0.1s
[0m[36m => => transferring context: 14.36kB                                       0.0s
[0m[36m => CACHED [build 2/6] WORKDIR /app                                        0.0s
[0m[36m => CACHED [build 3/6] COPY go.mod go.sum ./                               0.0s
[0m[36m => CACHED [build 4/6] RUN go mod download                                 0.0s
[0m[36m => [build 5/6] COPY . .                                                   0.1s
[0m => [build 6/6] RUN go build -o main ./cmd/main.go                         0.8s
[?25h[1A[1A[1A[1A[1A[1A[1A[1A[1A[0G[?25l[+] Building 2.7s (11/15)                                        docker:default
[36m => [stage-1 1/4] FROM docker.io/library/alpine:latest@sha256:0a4eaa0eecf  0.0s
[0m[36m => [internal] load build context                                          0.1s
[0m[36m => => transferring context: 14.36kB                                       0.0s
[0m[36m => CACHED [build 2/6] WORKDIR /app                                        0.0s
[0m[36m => CACHED [build 3/6] COPY go.mod go.sum ./                               0.0s
[0m[36m => CACHED [build 4/6] RUN go mod download                                 0.0s
[0m[36m => [build 5/6] COPY . .                                                   0.1s
[0m => [build 6/6] RUN go build -o main ./cmd/main.go                         0.9s
[?25h[1A[1A[1A[1A[1A[1A[1A[1A[1A[0G[?25l[+] Building 2.8s (11/15)                                        docker:default
[36m => [stage-1 1/4] FROM docker.io/library/alpine:latest@sha256:0a4eaa0eecf  0.0s
[0m[36m => [internal] load build context                                          0.1s
[0m[36m => => transferring context: 14.36kB                                       0.0s
[0m[36m => CACHED [build 2/6] WORKDIR /app                                        0.0s
[0m[36m => CACHED [build 3/6] COPY go.mod go.sum ./                               0.0s
[0m[36m => CACHED [build 4/6] RUN go mod download                                 0.0s
[0m[36m => [build 5/6] COPY . .                                                   0.1s
[0m => [build 6/6] RUN go build -o main ./cmd/main.go                         1.1s
[?25h[1A[1A[1A[1A[1A[1A[1A[1A[1A[0G[?25l[+] Building 3.0s (11/15)                                        docker:default
[36m => [stage-1 1/4] FROM docker.io/library/alpine:latest@sha256:0a4eaa0eecf  0.0s
[0m[36m => [internal] load build context                                          0.1s
[0m[36m => => transferring context: 14.36kB                                       0.0s
[0m[36m => CACHED [build 2/6] WORKDIR /app                                        0.0s
[0m[36m => CACHED [build 3/6] COPY go.mod go.sum ./                               0.0s
[0m[36m => CACHED [build 4/6] RUN go mod download                                 0.0s
[0m[36m => [build 5/6] COPY . .                                                   0.1s
[0m => [build 6/6] RUN go build -o main ./cmd/main.go                         1.2s
[?25h[1A[1A[1A[1A[1A[1A[1A[1A[1A[0G[?25l[+] Building 3.1s (11/15)                                        docker:default
[36m => [stage-1 1/4] FROM docker.io/library/alpine:latest@sha256:0a4eaa0eecf  0.0s
[0m[36m => [internal] load build context                                          0.1s
[0m[36m => => transferring context: 14.36kB                                       0.0s
[0m[36m => CACHED [build 2/6] WORKDIR /app                                        0.0s
[0m[36m => CACHED [build 3/6] COPY go.mod go.sum ./                               0.0s
[0m[36m => CACHED [build 4/6] RUN go mod download                                 0.0s
[0m[36m => [build 5/6] COPY . .                                                   0.1s
[0m => [build 6/6] RUN go build -o main ./cmd/main.go                         1.4s
[?25h[1A[1A[1A[1A[1A[1A[1A[1A[1A[0G[?25l[+] Building 3.3s (11/15)                                        docker:default
[36m => [stage-1 1/4] FROM docker.io/library/alpine:latest@sha256:0a4eaa0eecf  0.0s
[0m[36m => [internal] load build context                                          0.1s
[0m[36m => => transferring context: 14.36kB                                       0.0s
[0m[36m => CACHED [build 2/6] WORKDIR /app                                        0.0s
[0m[36m => CACHED [build 3/6] COPY go.mod go.sum ./                               0.0s
[0m[36m => CACHED [build 4/6] RUN go mod download                                 0.0s
[0m[36m => [build 5/6] COPY . .                                                   0.1s
[0m => [build 6/6] RUN go build -o main ./cmd/main.go                         1.5s
[?25h[1A[1A[1A[1A[1A[1A[1A[1A[1A[0G[?25l[+] Building 3.4s (11/15)                                        docker:default
[36m => [stage-1 1/4] FROM docker.io/library/alpine:latest@sha256:0a4eaa0eecf  0.0s
[0m[36m => [internal] load build context                                          0.1s
[0m[36m => => transferring context: 14.36kB                                       0.0s
[0m[36m => CACHED [build 2/6] WORKDIR /app                                        0.0s
[0m[36m => CACHED [build 3/6] COPY go.mod go.sum ./                               0.0s
[0m[36m => CACHED [build 4/6] RUN go mod download                                 0.0s
[0m[36m => [build 5/6] COPY . .                                                   0.1s
[0m => [build 6/6] RUN go build -o main ./cmd/main.go                         1.7s
[?25h[1A[1A[1A[1A[1A[1A[1A[1A[1A[0G[?25l[+] Building 3.6s (11/15)                                        docker:default
[36m => [stage-1 1/4] FROM docker.io/library/alpine:latest@sha256:0a4eaa0eecf  0.0s
[0m[36m => [internal] load build context                                          0.1s
[0m[36m => => transferring context: 14.36kB                                       0.0s
[0m[36m => CACHED [build 2/6] WORKDIR /app                                        0.0s
[0m[36m => CACHED [build 3/6] COPY go.mod go.sum ./                               0.0s
[0m[36m => CACHED [build 4/6] RUN go mod download                                 0.0s
[0m[36m => [build 5/6] COPY . .                                                   0.1s
[0m => [build 6/6] RUN go build -o main ./cmd/main.go                         1.8s
[?25h[1A[1A[1A[1A[1A[1A[1A[1A[1A[0G[?25l[+] Building 3.7s (11/15)                                        docker:default
[36m => [stage-1 1/4] FROM docker.io/library/alpine:latest@sha256:0a4eaa0eecf  0.0s
[0m[36m => [internal] load build context                                          0.1s
[0m[36m => => transferring context: 14.36kB                                       0.0s
[0m[36m => CACHED [build 2/6] WORKDIR /app                                        0.0s
[0m[36m => CACHED [build 3/6] COPY go.mod go.sum ./                               0.0s
[0m[36m => CACHED [build 4/6] RUN go mod download                                 0.0s
[0m[36m => [build 5/6] COPY . .                                                   0.1s
[0m => [build 6/6] RUN go build -o main ./cmd/main.go                         2.0s
[?25h[1A[1A[1A[1A[1A[1A[1A[1A[1A[0G[?25l[+] Building 3.9s (11/15)                                        docker:default
[36m => [stage-1 1/4] FROM docker.io/library/alpine:latest@sha256:0a4eaa0eecf  0.0s
[0m[36m => [internal] load build context                                          0.1s
[0m[36m => => transferring context: 14.36kB                                       0.0s
[0m[36m => CACHED [build 2/6] WORKDIR /app                                        0.0s
[0m[36m => CACHED [build 3/6] COPY go.mod go.sum ./                               0.0s
[0m[36m => CACHED [build 4/6] RUN go mod download                                 0.0s
[0m[36m => [build 5/6] COPY . .                                                   0.1s
[0m => [build 6/6] RUN go build -o main ./cmd/main.go                         2.1s
[?25h[1A[1A[1A[1A[1A[1A[1A[1A[1A[0G[?25l[+] Building 4.0s (11/15)                                        docker:default
[36m => [stage-1 1/4] FROM docker.io/library/alpine:latest@sha256:0a4eaa0eecf  0.0s
[0m[36m => [internal] load build context                                          0.1s
[0m[36m => => transferring context: 14.36kB                                       0.0s
[0m[36m => CACHED [build 2/6] WORKDIR /app                                        0.0s
[0m[36m => CACHED [build 3/6] COPY go.mod go.sum ./                               0.0s
[0m[36m => CACHED [build 4/6] RUN go mod download                                 0.0s
[0m[36m => [build 5/6] COPY . .                                                   0.1s
[0m => [build 6/6] RUN go build -o main ./cmd/main.go                         2.3s
[?25h[1A[1A[1A[1A[1A[1A[1A[1A[1A[0G[?25l[+] Building 4.2s (11/15)                                        docker:default
[36m => [stage-1 1/4] FROM docker.io/library/alpine:latest@sha256:0a4eaa0eecf  0.0s
[0m[36m => [internal] load build context                                          0.1s
[0m[36m => => transferring context: 14.36kB                                       0.0s
[0m[36m => CACHED [build 2/6] WORKDIR /app                                        0.0s
[0m[36m => CACHED [build 3/6] COPY go.mod go.sum ./                               0.0s
[0m[36m => CACHED [build 4/6] RUN go mod download                                 0.0s
[0m[36m => [build 5/6] COPY . .                                                   0.1s
[0m => [build 6/6] RUN go build -o main ./cmd/main.go                         2.4s
[?25h[1A[1A[1A[1A[1A[1A[1A[1A[1A[0G[?25l[+] Building 4.3s (11/15)                                        docker:default
[36m => [stage-1 1/4] FROM docker.io/library/alpine:latest@sha256:0a4eaa0eecf  0.0s
[0m[36m => [internal] load build context                                          0.1s
[0m[36m => => transferring context: 14.36kB                                       0.0s
[0m[36m => CACHED [build 2/6] WORKDIR /app                                        0.0s
[0m[36m => CACHED [build 3/6] COPY go.mod go.sum ./                               0.0s
[0m[36m => CACHED [build 4/6] RUN go mod download                                 0.0s
[0m[36m => [build 5/6] COPY . .                                                   0.1s
[0m => [build 6/6] RUN go build -o main ./cmd/main.go                         2.6s
[?25h[1A[1A[1A[1A[1A[1A[1A[1A[1A[0G[?25l[+] Building 4.5s (11/15)                                        docker:default
[36m => [stage-1 1/4] FROM docker.io/library/alpine:latest@sha256:0a4eaa0eecf  0.0s
[0m[36m => [internal] load build context                                          0.1s
[0m[36m => => transferring context: 14.36kB                                       0.0s
[0m[36m => CACHED [build 2/6] WORKDIR /app                                        0.0s
[0m[36m => CACHED [build 3/6] COPY go.mod go.sum ./                               0.0s
[0m[36m => CACHED [build 4/6] RUN go mod download                                 0.0s
[0m[36m => [build 5/6] COPY . .                                                   0.1s
[0m => [build 6/6] RUN go build -o main ./cmd/main.go                         2.7s
[?25h[1A[1A[1A[1A[1A[1A[1A[1A[1A[0G[?25l[+] Building 4.6s (11/15)                                        docker:default
[36m => [stage-1 1/4] FROM docker.io/library/alpine:latest@sha256:0a4eaa0eecf  0.0s
[0m[36m => [internal] load build context                                          0.1s
[0m[36m => => transferring context: 14.36kB                                       0.0s
[0m[36m => CACHED [build 2/6] WORKDIR /app                                        0.0s
[0m[36m => CACHED [build 3/6] COPY go.mod go.sum ./                               0.0s
[0m[36m => CACHED [build 4/6] RUN go mod download                                 0.0s
[0m[36m => [build 5/6] COPY . .                                                   0.1s
[0m => [build 6/6] RUN go build -o main ./cmd/main.go                         2.9s
[?25h[1A[1A[1A[1A[1A[1A[1A[1A[1A[0G[?25l[+] Building 4.8s (11/15)                                        docker:default
[36m => [stage-1 1/4] FROM docker.io/library/alpine:latest@sha256:0a4eaa0eecf  0.0s
[0m[36m => [internal] load build context                                          0.1s
[0m[36m => => transferring context: 14.36kB                                       0.0s
[0m[36m => CACHED [build 2/6] WORKDIR /app                                        0.0s
[0m[36m => CACHED [build 3/6] COPY go.mod go.sum ./                               0.0s
[0m[36m => CACHED [build 4/6] RUN go mod download                                 0.0s
[0m[36m => [build 5/6] COPY . .                                                   0.1s
[0m => [build 6/6] RUN go build -o main ./cmd/main.go                         3.0s
[?25h[1A[1A[1A[1A[1A[1A[1A[1A[1A[0G[?25l[+] Building 4.9s (11/15)                                        docker:default
[36m => [stage-1 1/4] FROM docker.io/library/alpine:latest@sha256:0a4eaa0eecf  0.0s
[0m[36m => [internal] load build context                                          0.1s
[0m[36m => => transferring context: 14.36kB                                       0.0s
[0m[36m => CACHED [build 2/6] WORKDIR /app                                        0.0s
[0m[36m => CACHED [build 3/6] COPY go.mod go.sum ./                               0.0s
[0m[36m => CACHED [build 4/6] RUN go mod download                                 0.0s
[0m[36m => [build 5/6] COPY . .                                                   0.1s
[0m => [build 6/6] RUN go build -o main ./cmd/main.go                         3.2s
[?25h[1A[1A[1A[1A[1A[1A[1A[1A[1A[0G[?25l[+] Building 5.1s (11/15)                                        docker:default
[36m => [stage-1 1/4] FROM docker.io/library/alpine:latest@sha256:0a4eaa0eecf  0.0s
[0m[36m => [internal] load build context                                          0.1s
[0m[36m => => transferring context: 14.36kB                                       0.0s
[0m[36m => CACHED [build 2/6] WORKDIR /app                                        0.0s
[0m[36m => CACHED [build 3/6] COPY go.mod go.sum ./                               0.0s
[0m[36m => CACHED [build 4/6] RUN go mod download                                 0.0s
[0m[36m => [build 5/6] COPY . .                                                   0.1s
[0m => [build 6/6] RUN go build -o main ./cmd/main.go                         3.3s
[?25h[1A[1A[1A[1A[1A[1A[1A[1A[1A[0G[?25l[+] Building 5.2s (11/15)                                        docker:default
[36m => [stage-1 1/4] FROM docker.io/library/alpine:latest@sha256:0a4eaa0eecf  0.0s
[0m[36m => [internal] load build context                                          0.1s
[0m[36m => => transferring context: 14.36kB                                       0.0s
[0m[36m => CACHED [build 2/6] WORKDIR /app                                        0.0s
[0m[36m => CACHED [build 3/6] COPY go.mod go.sum ./                               0.0s
[0m[36m => CACHED [build 4/6] RUN go mod download                                 0.0s
[0m[36m => [build 5/6] COPY . .                                                   0.1s
[0m => [build 6/6] RUN go build -o main ./cmd/main.go                         3.5s
[?25h[1A[1A[1A[1A[1A[1A[1A[1A[1A[0G[?25l[+] Building 5.4s (11/15)                                        docker:default
[36m => [stage-1 1/4] FROM docker.io/library/alpine:latest@sha256:0a4eaa0eecf  0.0s
[0m[36m => [internal] load build context                                          0.1s
[0m[36m => => transferring context: 14.36kB                                       0.0s
[0m[36m => CACHED [build 2/6] WORKDIR /app                                        0.0s
[0m[36m => CACHED [build 3/6] COPY go.mod go.sum ./                               0.0s
[0m[36m => CACHED [build 4/6] RUN go mod download                                 0.0s
[0m[36m => [build 5/6] COPY . .                                                   0.1s
[0m => [build 6/6] RUN go build -o main ./cmd/main.go                         3.6s
[?25h[1A[1A[1A[1A[1A[1A[1A[1A[1A[0G[?25l[+] Building 5.5s (11/15)                                        docker:default
[36m => [stage-1 1/4] FROM docker.io/library/alpine:latest@sha256:0a4eaa0eecf  0.0s
[0m[36m => [internal] load build context                                          0.1s
[0m[36m => => transferring context: 14.36kB                                       0.0s
[0m[36m => CACHED [build 2/6] WORKDIR /app                                        0.0s
[0m[36m => CACHED [build 3/6] COPY go.mod go.sum ./                               0.0s
[0m[36m => CACHED [build 4/6] RUN go mod download                                 0.0s
[0m[36m => [build 5/6] COPY . .                                                   0.1s
[0m => [build 6/6] RUN go build -o main ./cmd/main.go                         3.8s
[?25h[1A[1A[1A[1A[1A[1A[1A[1A[1A[0G[?25l[+] Building 5.7s (11/15)                                        docker:default
[36m => [stage-1 1/4] FROM docker.io/library/alpine:latest@sha256:0a4eaa0eecf  0.0s
[0m[36m => [internal] load build context                                          0.1s
[0m[36m => => transferring context: 14.36kB                                       0.0s
[0m[36m => CACHED [build 2/6] WORKDIR /app                                        0.0s
[0m[36m => CACHED [build 3/6] COPY go.mod go.sum ./                               0.0s
[0m[36m => CACHED [build 4/6] RUN go mod download                                 0.0s
[0m[36m => [build 5/6] COPY . .                                                   0.1s
[0m => [build 6/6] RUN go build -o main ./cmd/main.go                         3.9s
[?25h[1A[1A[1A[1A[1A[1A[1A[1A[1A[0G[?25l[+] Building 5.8s (11/15)                                        docker:default
[36m => [stage-1 1/4] FROM docker.io/library/alpine:latest@sha256:0a4eaa0eecf  0.0s
[0m[36m => [internal] load build context                                          0.1s
[0m[36m => => transferring context: 14.36kB                                       0.0s
[0m[36m => CACHED [build 2/6] WORKDIR /app                                        0.0s
[0m[36m => CACHED [build 3/6] COPY go.mod go.sum ./                               0.0s
[0m[36m => CACHED [build 4/6] RUN go mod download                                 0.0s
[0m[36m => [build 5/6] COPY . .                                                   0.1s
[0m => [build 6/6] RUN go build -o main ./cmd/main.go                         4.1s
[?25h[1A[1A[1A[1A[1A[1A[1A[1A[1A[0G[?25l[+] Building 6.0s (11/15)                                        docker:default
[36m => [stage-1 1/4] FROM docker.io/library/alpine:latest@sha256:0a4eaa0eecf  0.0s
[0m[36m => [internal] load build context                                          0.1s
[0m[36m => => transferring context: 14.36kB                                       0.0s
[0m[36m => CACHED [build 2/6] WORKDIR /app                                        0.0s
[0m[36m => CACHED [build 3/6] COPY go.mod go.sum ./                               0.0s
[0m[36m => CACHED [build 4/6] RUN go mod download                                 0.0s
[0m[36m => [build 5/6] COPY . .                                                   0.1s
[0m => [build 6/6] RUN go build -o main ./cmd/main.go                         4.2s
[?25h[1A[1A[1A[1A[1A[1A[1A[1A[1A[0G[?25l[+] Building 6.1s (11/15)                                        docker:default
[36m => [stage-1 1/4] FROM docker.io/library/alpine:latest@sha256:0a4eaa0eecf  0.0s
[0m[36m => [internal] load build context                                          0.1s
[0m[36m => => transferring context: 14.36kB                                       0.0s
[0m[36m => CACHED [build 2/6] WORKDIR /app                                        0.0s
[0m[36m => CACHED [build 3/6] COPY go.mod go.sum ./                               0.0s
[0m[36m => CACHED [build 4/6] RUN go mod download                                 0.0s
[0m[36m => [build 5/6] COPY . .                                                   0.1s
[0m => [build 6/6] RUN go build -o main ./cmd/main.go                         4.4s
[?25h[1A[1A[1A[1A[1A[1A[1A[1A[1A[0G[?25l[+] Building 6.3s (11/15)                                        docker:default
[36m => [stage-1 1/4] FROM docker.io/library/alpine:latest@sha256:0a4eaa0eecf  0.0s
[0m[36m => [internal] load build context                                          0.1s
[0m[36m => => transferring context: 14.36kB                                       0.0s
[0m[36m => CACHED [build 2/6] WORKDIR /app                                        0.0s
[0m[36m => CACHED [build 3/6] COPY go.mod go.sum ./                               0.0s
[0m[36m => CACHED [build 4/6] RUN go mod download                                 0.0s
[0m[36m => [build 5/6] COPY . .                                                   0.1s
[0m => [build 6/6] RUN go build -o main ./cmd/main.go                         4.5s
[?25h[1A[1A[1A[1A[1A[1A[1A[1A[1A[0G[?25l[+] Building 6.4s (11/15)                                        docker:default
[36m => [stage-1 1/4] FROM docker.io/library/alpine:latest@sha256:0a4eaa0eecf  0.0s
[0m[36m => [internal] load build context                                          0.1s
[0m[36m => => transferring context: 14.36kB                                       0.0s
[0m[36m => CACHED [build 2/6] WORKDIR /app                                        0.0s
[0m[36m => CACHED [build 3/6] COPY go.mod go.sum ./                               0.0s
[0m[36m => CACHED [build 4/6] RUN go mod download                                 0.0s
[0m[36m => [build 5/6] COPY . .                                                   0.1s
[0m => [build 6/6] RUN go build -o main ./cmd/main.go                         4.7s
[?25h[1A[1A[1A[1A[1A[1A[1A[1A[1A[0G[?25l[+] Building 6.6s (11/15)                                        docker:default
[36m => [stage-1 1/4] FROM docker.io/library/alpine:latest@sha256:0a4eaa0eecf  0.0s
[0m[36m => [internal] load build context                                          0.1s
[0m[36m => => transferring context: 14.36kB                                       0.0s
[0m[36m => CACHED [build 2/6] WORKDIR /app                                        0.0s
[0m[36m => CACHED [build 3/6] COPY go.mod go.sum ./                               0.0s
[0m[36m => CACHED [build 4/6] RUN go mod download                                 0.0s
[0m[36m => [build 5/6] COPY . .                                                   0.1s
[0m => [build 6/6] RUN go build -o main ./cmd/main.go                         4.8s
[?25h[1A[1A[1A[1A[1A[1A[1A[1A[1A[0G[?25l[+] Building 6.7s (11/15)                                        docker:default
[36m => [stage-1 1/4] FROM docker.io/library/alpine:latest@sha256:0a4eaa0eecf  0.0s
[0m[36m => [internal] load build context                                          0.1s
[0m[36m => => transferring context: 14.36kB                                       0.0s
[0m[36m => CACHED [build 2/6] WORKDIR /app                                        0.0s
[0m[36m => CACHED [build 3/6] COPY go.mod go.sum ./                               0.0s
[0m[36m => CACHED [build 4/6] RUN go mod download                                 0.0s
[0m[36m => [build 5/6] COPY . .                                                   0.1s
[0m => [build 6/6] RUN go build -o main ./cmd/main.go                         4.9s
[?25h[1A[1A[1A[1A[1A[1A[1A[1A[1A[0G[?25l[+] Building 6.9s (11/15)                                        docker:default
[36m => [stage-1 1/4] FROM docker.io/library/alpine:latest@sha256:0a4eaa0eecf  0.0s
[0m[36m => [internal] load build context                                          0.1s
[0m[36m => => transferring context: 14.36kB                                       0.0s
[0m[36m => CACHED [build 2/6] WORKDIR /app                                        0.0s
[0m[36m => CACHED [build 3/6] COPY go.mod go.sum ./                               0.0s
[0m[36m => CACHED [build 4/6] RUN go mod download                                 0.0s
[0m[36m => [build 5/6] COPY . .                                                   0.1s
[0m => [build 6/6] RUN go build -o main ./cmd/main.go                         5.1s
[?25h[1A[1A[1A[1A[1A[1A[1A[1A[1A[0G[?25l[+] Building 7.0s (11/15)                                        docker:default
[36m => [stage-1 1/4] FROM docker.io/library/alpine:latest@sha256:0a4eaa0eecf  0.0s
[0m[36m => [internal] load build context                                          0.1s
[0m[36m => => transferring context: 14.36kB                                       0.0s
[0m[36m => CACHED [build 2/6] WORKDIR /app                                        0.0s
[0m[36m => CACHED [build 3/6] COPY go.mod go.sum ./                               0.0s
[0m[36m => CACHED [build 4/6] RUN go mod download                                 0.0s
[0m[36m => [build 5/6] COPY . .                                                   0.1s
[0m => [build 6/6] RUN go build -o main ./cmd/main.go                         5.3s
[?25h[1A[1A[1A[1A[1A[1A[1A[1A[1A[0G[?25l[+] Building 7.2s (11/15)                                        docker:default
[36m => [stage-1 1/4] FROM docker.io/library/alpine:latest@sha256:0a4eaa0eecf  0.0s
[0m[36m => [internal] load build context                                          0.1s
[0m[36m => => transferring context: 14.36kB                                       0.0s
[0m[36m => CACHED [build 2/6] WORKDIR /app                                        0.0s
[0m[36m => CACHED [build 3/6] COPY go.mod go.sum ./                               0.0s
[0m[36m => CACHED [build 4/6] RUN go mod download                                 0.0s
[0m[36m => [build 5/6] COPY . .                                                   0.1s
[0m => [build 6/6] RUN go build -o main ./cmd/main.go                         5.4s
[?25h[1A[1A[1A[1A[1A[1A[1A[1A[1A[0G[?25l[+] Building 7.3s (11/15)                                        docker:default
[36m => [stage-1 1/4] FROM docker.io/library/alpine:latest@sha256:0a4eaa0eecf  0.0s
[0m[36m => [internal] load build context                                          0.1s
[0m[36m => => transferring context: 14.36kB                                       0.0s
[0m[36m => CACHED [build 2/6] WORKDIR /app                                        0.0s
[0m[36m => CACHED [build 3/6] COPY go.mod go.sum ./                               0.0s
[0m[36m => CACHED [build 4/6] RUN go mod download                                 0.0s
[0m[36m => [build 5/6] COPY . .                                                   0.1s
[0m => [build 6/6] RUN go build -o main ./cmd/main.go                         5.6s
[?25h[1A[1A[1A[1A[1A[1A[1A[1A[1A[0G[?25l[+] Building 7.5s (11/15)                                        docker:default
[36m => [stage-1 1/4] FROM docker.io/library/alpine:latest@sha256:0a4eaa0eecf  0.0s
[0m[36m => [internal] load build context                                          0.1s
[0m[36m => => transferring context: 14.36kB                                       0.0s
[0m[36m => CACHED [build 2/6] WORKDIR /app                                        0.0s
[0m[36m => CACHED [build 3/6] COPY go.mod go.sum ./                               0.0s
[0m[36m => CACHED [build 4/6] RUN go mod download                                 0.0s
[0m[36m => [build 5/6] COPY . .                                                   0.1s
[0m => [build 6/6] RUN go build -o main ./cmd/main.go                         5.7s
[?25h[1A[1A[1A[1A[1A[1A[1A[1A[1A[0G[?25l[+] Building 7.6s (11/15)                                        docker:default
[36m => [stage-1 1/4] FROM docker.io/library/alpine:latest@sha256:0a4eaa0eecf  0.0s
[0m[36m => [internal] load build context                                          0.1s
[0m[36m => => transferring context: 14.36kB                                       0.0s
[0m[36m => CACHED [build 2/6] WORKDIR /app                                        0.0s
[0m[36m => CACHED [build 3/6] COPY go.mod go.sum ./                               0.0s
[0m[36m => CACHED [build 4/6] RUN go mod download                                 0.0s
[0m[36m => [build 5/6] COPY . .                                                   0.1s
[0m => [build 6/6] RUN go build -o main ./cmd/main.go                         5.9s
[?25h[1A[1A[1A[1A[1A[1A[1A[1A[1A[0G[?25l[+] Building 7.8s (11/15)                                        docker:default
[36m => [stage-1 1/4] FROM docker.io/library/alpine:latest@sha256:0a4eaa0eecf  0.0s
[0m[36m => [internal] load build context                                          0.1s
[0m[36m => => transferring context: 14.36kB                                       0.0s
[0m[36m => CACHED [build 2/6] WORKDIR /app                                        0.0s
[0m[36m => CACHED [build 3/6] COPY go.mod go.sum ./                               0.0s
[0m[36m => CACHED [build 4/6] RUN go mod download                                 0.0s
[0m[36m => [build 5/6] COPY . .                                                   0.1s
[0m => [build 6/6] RUN go build -o main ./cmd/main.go                         6.0s
[?25h[1A[1A[1A[1A[1A[1A[1A[1A[1A[0G[?25l[+] Building 8.0s (11/15)                                        docker:default
[36m => [stage-1 1/4] FROM docker.io/library/alpine:latest@sha256:0a4eaa0eecf  0.0s
[0m[36m => [internal] load build context                                          0.1s
[0m[36m => => transferring context: 14.36kB                                       0.0s
[0m[36m => CACHED [build 2/6] WORKDIR /app                                        0.0s
[0m[36m => CACHED [build 3/6] COPY go.mod go.sum ./                               0.0s
[0m[36m => CACHED [build 4/6] RUN go mod download                                 0.0s
[0m[36m => [build 5/6] COPY . .                                                   0.1s
[0m => [build 6/6] RUN go build -o main ./cmd/main.go                         6.2s
[?25h[1A[1A[1A[1A[1A[1A[1A[1A[1A[0G[?25l[+] Building 8.1s (11/15)                                        docker:default
[36m => [stage-1 1/4] FROM docker.io/library/alpine:latest@sha256:0a4eaa0eecf  0.0s
[0m[36m => [internal] load build context                                          0.1s
[0m[36m => => transferring context: 14.36kB                                       0.0s
[0m[36m => CACHED [build 2/6] WORKDIR /app                                        0.0s
[0m[36m => CACHED [build 3/6] COPY go.mod go.sum ./                               0.0s
[0m[36m => CACHED [build 4/6] RUN go mod download                                 0.0s
[0m[36m => [build 5/6] COPY . .                                                   0.1s
[0m => [build 6/6] RUN go build -o main ./cmd/main.go                         6.3s
[?25h[1A[1A[1A[1A[1A[1A[1A[1A[1A[0G[?25l[+] Building 8.2s (11/15)                                        docker:default
[36m => [stage-1 1/4] FROM docker.io/library/alpine:latest@sha256:0a4eaa0eecf  0.0s
[0m[36m => [internal] load build context                                          0.1s
[0m[36m => => transferring context: 14.36kB                                       0.0s
[0m[36m => CACHED [build 2/6] WORKDIR /app                                        0.0s
[0m[36m => CACHED [build 3/6] COPY go.mod go.sum ./                               0.0s
[0m[36m => CACHED [build 4/6] RUN go mod download                                 0.0s
[0m[36m => [build 5/6] COPY . .                                                   0.1s
[0m => [build 6/6] RUN go build -o main ./cmd/main.go                         6.5s
[?25h[1A[1A[1A[1A[1A[1A[1A[1A[1A[0G[?25l[+] Building 8.4s (11/15)                                        docker:default
[36m => [stage-1 1/4] FROM docker.io/library/alpine:latest@sha256:0a4eaa0eecf  0.0s
[0m[36m => [internal] load build context                                          0.1s
[0m[36m => => transferring context: 14.36kB                                       0.0s
[0m[36m => CACHED [build 2/6] WORKDIR /app                                        0.0s
[0m[36m => CACHED [build 3/6] COPY go.mod go.sum ./                               0.0s
[0m[36m => CACHED [build 4/6] RUN go mod download                                 0.0s
[0m[36m => [build 5/6] COPY . .                                                   0.1s
[0m => [build 6/6] RUN go build -o main ./cmd/main.go                         6.6s
[?25h[1A[1A[1A[1A[1A[1A[1A[1A[1A[0G[?25l[+] Building 8.5s (11/15)                                        docker:default
[36m => [stage-1 1/4] FROM docker.io/library/alpine:latest@sha256:0a4eaa0eecf  0.0s
[0m[36m => [internal] load build context                                          0.1s
[0m[36m => => transferring context: 14.36kB                                       0.0s
[0m[36m => CACHED [build 2/6] WORKDIR /app                                        0.0s
[0m[36m => CACHED [build 3/6] COPY go.mod go.sum ./                               0.0s
[0m[36m => CACHED [build 4/6] RUN go mod download                                 0.0s
[0m[36m => [build 5/6] COPY . .                                                   0.1s
[0m => [build 6/6] RUN go build -o main ./cmd/main.go                         6.8s
[?25h[1A[1A[1A[1A[1A[1A[1A[1A[1A[0G[?25l[+] Building 8.7s (11/15)                                        docker:default
[36m => [stage-1 1/4] FROM docker.io/library/alpine:latest@sha256:0a4eaa0eecf  0.0s
[0m[36m => [internal] load build context                                          0.1s
[0m[36m => => transferring context: 14.36kB                                       0.0s
[0m[36m => CACHED [build 2/6] WORKDIR /app                                        0.0s
[0m[36m => CACHED [build 3/6] COPY go.mod go.sum ./                               0.0s
[0m[36m => CACHED [build 4/6] RUN go mod download                                 0.0s
[0m[36m => [build 5/6] COPY . .                                                   0.1s
[0m => [build 6/6] RUN go build -o main ./cmd/main.go                         6.9s
[?25h[1A[1A[1A[1A[1A[1A[1A[1A[1A[0G[?25l[+] Building 8.8s (11/15)                                        docker:default
[36m => [stage-1 1/4] FROM docker.io/library/alpine:latest@sha256:0a4eaa0eecf  0.0s
[0m[36m => [internal] load build context                                          0.1s
[0m[36m => => transferring context: 14.36kB                                       0.0s
[0m[36m => CACHED [build 2/6] WORKDIR /app                                        0.0s
[0m[36m => CACHED [build 3/6] COPY go.mod go.sum ./                               0.0s
[0m[36m => CACHED [build 4/6] RUN go mod download                                 0.0s
[0m[36m => [build 5/6] COPY . .                                                   0.1s
[0m => [build 6/6] RUN go build -o main ./cmd/main.go                         7.1s
[?25h[1A[1A[1A[1A[1A[1A[1A[1A[1A[0G[?25l[+] Building 9.0s (11/15)                                        docker:default
[36m => [stage-1 1/4] FROM docker.io/library/alpine:latest@sha256:0a4eaa0eecf  0.0s
[0m[36m => [internal] load build context                                          0.1s
[0m[36m => => transferring context: 14.36kB                                       0.0s
[0m[36m => CACHED [build 2/6] WORKDIR /app                                        0.0s
[0m[36m => CACHED [build 3/6] COPY go.mod go.sum ./                               0.0s
[0m[36m => CACHED [build 4/6] RUN go mod download                                 0.0s
[0m[36m => [build 5/6] COPY . .                                                   0.1s
[0m => [build 6/6] RUN go build -o main ./cmd/main.go                         7.2s
[?25h[1A[1A[1A[1A[1A[1A[1A[1A[1A[0G[?25l[+] Building 9.1s (11/15)                                        docker:default
[36m => [stage-1 1/4] FROM docker.io/library/alpine:latest@sha256:0a4eaa0eecf  0.0s
[0m[36m => [internal] load build context                                          0.1s
[0m[36m => => transferring context: 14.36kB                                       0.0s
[0m[36m => CACHED [build 2/6] WORKDIR /app                                        0.0s
[0m[36m => CACHED [build 3/6] COPY go.mod go.sum ./                               0.0s
[0m[36m => CACHED [build 4/6] RUN go mod download                                 0.0s
[0m[36m => [build 5/6] COPY . .                                                   0.1s
[0m => [build 6/6] RUN go build -o main ./cmd/main.go                         7.4s
[?25h[1A[1A[1A[1A[1A[1A[1A[1A[1A[0G[?25l[+] Building 9.3s (11/15)                                        docker:default
[36m => [stage-1 1/4] FROM docker.io/library/alpine:latest@sha256:0a4eaa0eecf  0.0s
[0m[36m => [internal] load build context                                          0.1s
[0m[36m => => transferring context: 14.36kB                                       0.0s
[0m[36m => CACHED [build 2/6] WORKDIR /app                                        0.0s
[0m[36m => CACHED [build 3/6] COPY go.mod go.sum ./                               0.0s
[0m[36m => CACHED [build 4/6] RUN go mod download                                 0.0s
[0m[36m => [build 5/6] COPY . .                                                   0.1s
[0m => [build 6/6] RUN go build -o main ./cmd/main.go                         7.5s
[?25h[1A[1A[1A[1A[1A[1A[1A[1A[1A[0G[?25l[+] Building 9.4s (11/15)                                        docker:default
[36m => [stage-1 1/4] FROM docker.io/library/alpine:latest@sha256:0a4eaa0eecf  0.0s
[0m[36m => [internal] load build context                                          0.1s
[0m[36m => => transferring context: 14.36kB                                       0.0s
[0m[36m => CACHED [build 2/6] WORKDIR /app                                        0.0s
[0m[36m => CACHED [build 3/6] COPY go.mod go.sum ./                               0.0s
[0m[36m => CACHED [build 4/6] RUN go mod download                                 0.0s
[0m[36m => [build 5/6] COPY . .                                                   0.1s
[0m => [build 6/6] RUN go build -o main ./cmd/main.go                         7.7s
[?25h[1A[1A[1A[1A[1A[1A[1A[1A[1A[0G[?25l[+] Building 9.6s (11/15)                                        docker:default
[36m => [stage-1 1/4] FROM docker.io/library/alpine:latest@sha256:0a4eaa0eecf  0.0s
[0m[36m => [internal] load build context                                          0.1s
[0m[36m => => transferring context: 14.36kB                                       0.0s
[0m[36m => CACHED [build 2/6] WORKDIR /app                                        0.0s
[0m[36m => CACHED [build 3/6] COPY go.mod go.sum ./                               0.0s
[0m[36m => CACHED [build 4/6] RUN go mod download                                 0.0s
[0m[36m => [build 5/6] COPY . .                                                   0.1s
[0m => [build 6/6] RUN go build -o main ./cmd/main.go                         7.8s
[?25h[1A[1A[1A[1A[1A[1A[1A[1A[1A[0G[?25l[+] Building 9.7s (11/15)                                        docker:default
[36m => [stage-1 1/4] FROM docker.io/library/alpine:latest@sha256:0a4eaa0eecf  0.0s
[0m[36m => [internal] load build context                                          0.1s
[0m[36m => => transferring context: 14.36kB                                       0.0s
[0m[36m => CACHED [build 2/6] WORKDIR /app                                        0.0s
[0m[36m => CACHED [build 3/6] COPY go.mod go.sum ./                               0.0s
[0m[36m => CACHED [build 4/6] RUN go mod download                                 0.0s
[0m[36m => [build 5/6] COPY . .                                                   0.1s
[0m => [build 6/6] RUN go build -o main ./cmd/main.go                         8.0s
[?25h[1A[1A[1A[1A[1A[1A[1A[1A[1A[0G[?25l[+] Building 9.9s (11/15)                                        docker:default
[36m => [stage-1 1/4] FROM docker.io/library/alpine:latest@sha256:0a4eaa0eecf  0.0s
[0m[36m => [internal] load build context                                          0.1s
[0m[36m => => transferring context: 14.36kB                                       0.0s
[0m[36m => CACHED [build 2/6] WORKDIR /app                                        0.0s
[0m[36m => CACHED [build 3/6] COPY go.mod go.sum ./                               0.0s
[0m[36m => CACHED [build 4/6] RUN go mod download                                 0.0s
[0m[36m => [build 5/6] COPY . .                                                   0.1s
[0m => [build 6/6] RUN go build -o main ./cmd/main.go                         8.1s
[?25h[1A[1A[1A[1A[1A[1A[1A[1A[1A[0G[?25l[+] Building 10.0s (11/15)                                       docker:default
[36m => [stage-1 1/4] FROM docker.io/library/alpine:latest@sha256:0a4eaa0eecf  0.0s
[0m[36m => [internal] load build context                                          0.1s
[0m[36m => => transferring context: 14.36kB                                       0.0s
[0m[36m => CACHED [build 2/6] WORKDIR /app                                        0.0s
[0m[36m => CACHED [build 3/6] COPY go.mod go.sum ./                               0.0s
[0m[36m => CACHED [build 4/6] RUN go mod download                                 0.0s
[0m[36m => [build 5/6] COPY . .                                                   0.1s
[0m => [build 6/6] RUN go build -o main ./cmd/main.go                         8.3s
[?25h[1A[1A[1A[1A[1A[1A[1A[1A[1A[0G[?25l[+] Building 10.2s (11/15)                                       docker:default
[36m => [stage-1 1/4] FROM docker.io/library/alpine:latest@sha256:0a4eaa0eecf  0.0s
[0m[36m => [internal] load build context                                          0.1s
[0m[36m => => transferring context: 14.36kB                                       0.0s
[0m[36m => CACHED [build 2/6] WORKDIR /app                                        0.0s
[0m[36m => CACHED [build 3/6] COPY go.mod go.sum ./                               0.0s
[0m[36m => CACHED [build 4/6] RUN go mod download                                 0.0s
[0m[36m => [build 5/6] COPY . .                                                   0.1s
[0m => [build 6/6] RUN go build -o main ./cmd/main.go                         8.4s
[?25h[1A[1A[1A[1A[1A[1A[1A[1A[1A[0G[?25l[+] Building 10.3s (11/15)                                       docker:default
[36m => [stage-1 1/4] FROM docker.io/library/alpine:latest@sha256:0a4eaa0eecf  0.0s
[0m[36m => [internal] load build context                                          0.1s
[0m[36m => => transferring context: 14.36kB                                       0.0s
[0m[36m => CACHED [build 2/6] WORKDIR /app                                        0.0s
[0m[36m => CACHED [build 3/6] COPY go.mod go.sum ./                               0.0s
[0m[36m => CACHED [build 4/6] RUN go mod download                                 0.0s
[0m[36m => [build 5/6] COPY . .                                                   0.1s
[0m => [build 6/6] RUN go build -o main ./cmd/main.go                         8.6s
[?25h[1A[1A[1A[1A[1A[1A[1A[1A[1A[0G[?25l[+] Building 10.5s (11/15)                                       docker:default
[36m => [stage-1 1/4] FROM docker.io/library/alpine:latest@sha256:0a4eaa0eecf  0.0s
[0m[36m => [internal] load build context                                          0.1s
[0m[36m => => transferring context: 14.36kB                                       0.0s
[0m[36m => CACHED [build 2/6] WORKDIR /app                                        0.0s
[0m[36m => CACHED [build 3/6] COPY go.mod go.sum ./                               0.0s
[0m[36m => CACHED [build 4/6] RUN go mod download                                 0.0s
[0m[36m => [build 5/6] COPY . .                                                   0.1s
[0m => [build 6/6] RUN go build -o main ./cmd/main.go                         8.7s
[?25h[1A[1A[1A[1A[1A[1A[1A[1A[1A[0G[?25l[+] Building 10.6s (11/15)                                       docker:default
[36m => [stage-1 1/4] FROM docker.io/library/alpine:latest@sha256:0a4eaa0eecf  0.0s
[0m[36m => [internal] load build context                                          0.1s
[0m[36m => => transferring context: 14.36kB                                       0.0s
[0m[36m => CACHED [build 2/6] WORKDIR /app                                        0.0s
[0m[36m => CACHED [build 3/6] COPY go.mod go.sum ./                               0.0s
[0m[36m => CACHED [build 4/6] RUN go mod download                                 0.0s
[0m[36m => [build 5/6] COPY . .                                                   0.1s
[0m => [build 6/6] RUN go build -o main ./cmd/main.go                         8.9s
[?25h[1A[1A[1A[1A[1A[1A[1A[1A[1A[0G[?25l[+] Building 10.8s (11/15)                                       docker:default
[36m => [stage-1 1/4] FROM docker.io/library/alpine:latest@sha256:0a4eaa0eecf  0.0s
[0m[36m => [internal] load build context                                          0.1s
[0m[36m => => transferring context: 14.36kB                                       0.0s
[0m[36m => CACHED [build 2/6] WORKDIR /app                                        0.0s
[0m[36m => CACHED [build 3/6] COPY go.mod go.sum ./                               0.0s
[0m[36m => CACHED [build 4/6] RUN go mod download                                 0.0s
[0m[36m => [build 5/6] COPY . .                                                   0.1s
[0m => [build 6/6] RUN go build -o main ./cmd/main.go                         9.0s
[?25h[1A[1A[1A[1A[1A[1A[1A[1A[1A[0G[?25l[+] Building 10.9s (11/15)                                       docker:default
[36m => [stage-1 1/4] FROM docker.io/library/alpine:latest@sha256:0a4eaa0eecf  0.0s
[0m[36m => [internal] load build context                                          0.1s
[0m[36m => => transferring context: 14.36kB                                       0.0s
[0m[36m => CACHED [build 2/6] WORKDIR /app                                        0.0s
[0m[36m => CACHED [build 3/6] COPY go.mod go.sum ./                               0.0s
[0m[36m => CACHED [build 4/6] RUN go mod download                                 0.0s
[0m[36m => [build 5/6] COPY . .                                                   0.1s
[0m => [build 6/6] RUN go build -o main ./cmd/main.go                         9.2s
[?25h[1A[1A[1A[1A[1A[1A[1A[1A[1A[0G[?25l[+] Building 11.1s (11/15)                                       docker:default
[36m => [stage-1 1/4] FROM docker.io/library/alpine:latest@sha256:0a4eaa0eecf  0.0s
[0m[36m => [internal] load build context                                          0.1s
[0m[36m => => transferring context: 14.36kB                                       0.0s
[0m[36m => CACHED [build 2/6] WORKDIR /app                                        0.0s
[0m[36m => CACHED [build 3/6] COPY go.mod go.sum ./                               0.0s
[0m[36m => CACHED [build 4/6] RUN go mod download                                 0.0s
[0m[36m => [build 5/6] COPY . .                                                   0.1s
[0m => [build 6/6] RUN go build -o main ./cmd/main.go                         9.3s
[?25h[1A[1A[1A[1A[1A[1A[1A[1A[1A[0G[?25l[+] Building 11.3s (11/15)                                       docker:default
[36m => [stage-1 1/4] FROM docker.io/library/alpine:latest@sha256:0a4eaa0eecf  0.0s
[0m[36m => [internal] load build context                                          0.1s
[0m[36m => => transferring context: 14.36kB                                       0.0s
[0m[36m => CACHED [build 2/6] WORKDIR /app                                        0.0s
[0m[36m => CACHED [build 3/6] COPY go.mod go.sum ./                               0.0s
[0m[36m => CACHED [build 4/6] RUN go mod download                                 0.0s
[0m[36m => [build 5/6] COPY . .                                                   0.1s
[0m => [build 6/6] RUN go build -o main ./cmd/main.go                         9.5s
[?25h[1A[1A[1A[1A[1A[1A[1A[1A[1A[0G[?25l[+] Building 11.4s (11/15)                                       docker:default
[36m => [stage-1 1/4] FROM docker.io/library/alpine:latest@sha256:0a4eaa0eecf  0.0s
[0m[36m => [internal] load build context                                          0.1s
[0m[36m => => transferring context: 14.36kB                                       0.0s
[0m[36m => CACHED [build 2/6] WORKDIR /app                                        0.0s
[0m[36m => CACHED [build 3/6] COPY go.mod go.sum ./                               0.0s
[0m[36m => CACHED [build 4/6] RUN go mod download                                 0.0s
[0m[36m => [build 5/6] COPY . .                                                   0.1s
[0m => [build 6/6] RUN go build -o main ./cmd/main.go                         9.6s
[?25h[1A[1A[1A[1A[1A[1A[1A[1A[1A[0G[?25l[+] Building 11.5s (11/15)                                       docker:default
[36m => [stage-1 1/4] FROM docker.io/library/alpine:latest@sha256:0a4eaa0eecf  0.0s
[0m[36m => [internal] load build context                                          0.1s
[0m[36m => => transferring context: 14.36kB                                       0.0s
[0m[36m => CACHED [build 2/6] WORKDIR /app                                        0.0s
[0m[36m => CACHED [build 3/6] COPY go.mod go.sum ./                               0.0s
[0m[36m => CACHED [build 4/6] RUN go mod download                                 0.0s
[0m[36m => [build 5/6] COPY . .                                                   0.1s
[0m => [build 6/6] RUN go build -o main ./cmd/main.go                         9.8s
[?25h[1A[1A[1A[1A[1A[1A[1A[1A[1A[0G[?25l[+] Building 11.7s (11/15)                                       docker:default
[36m => [stage-1 1/4] FROM docker.io/library/alpine:latest@sha256:0a4eaa0eecf  0.0s
[0m[36m => [internal] load build context                                          0.1s
[0m[36m => => transferring context: 14.36kB                                       0.0s
[0m[36m => CACHED [build 2/6] WORKDIR /app                                        0.0s
[0m[36m => CACHED [build 3/6] COPY go.mod go.sum ./                               0.0s
[0m[36m => CACHED [build 4/6] RUN go mod download                                 0.0s
[0m[36m => [build 5/6] COPY . .                                                   0.1s
[0m => [build 6/6] RUN go build -o main ./cmd/main.go                         9.9s
[?25h[1A[1A[1A[1A[1A[1A[1A[1A[1A[0G[?25l[+] Building 11.8s (11/15)                                       docker:default
[36m => [stage-1 1/4] FROM docker.io/library/alpine:latest@sha256:0a4eaa0eecf  0.0s
[0m[36m => [internal] load build context                                          0.1s
[0m[36m => => transferring context: 14.36kB                                       0.0s
[0m[36m => CACHED [build 2/6] WORKDIR /app                                        0.0s
[0m[36m => CACHED [build 3/6] COPY go.mod go.sum ./                               0.0s
[0m[36m => CACHED [build 4/6] RUN go mod download                                 0.0s
[0m[36m => [build 5/6] COPY . .                                                   0.1s
[0m => [build 6/6] RUN go build -o main ./cmd/main.go                        10.0s
[?25h[1A[1A[1A[1A[1A[1A[1A[1A[1A[0G[?25l[+] Building 12.2s (11/15)                                       docker:default
[36m => [stage-1 1/4] FROM docker.io/library/alpine:latest@sha256:0a4eaa0eecf  0.0s
[0m[36m => [internal] load build context                                          0.1s
[0m[36m => => transferring context: 14.36kB                                       0.0s
[0m[36m => CACHED [build 2/6] WORKDIR /app                                        0.0s
[0m[36m => CACHED [build 3/6] COPY go.mod go.sum ./                               0.0s
[0m[36m => CACHED [build 4/6] RUN go mod download                                 0.0s
[0m[36m => [build 5/6] COPY . .                                                   0.1s
[0m => [build 6/6] RUN go build -o main ./cmd/main.go                        10.5s
[?25h[1A[1A[1A[1A[1A[1A[1A[1A[1A[0G[?25l[+] Building 12.2s (11/15)                                       docker:default
[36m => [stage-1 1/4] FROM docker.io/library/alpine:latest@sha256:0a4eaa0eecf  0.0s
[0m[36m => [internal] load build context                                          0.1s
[0m[36m => => transferring context: 14.36kB                                       0.0s
[0m[36m => CACHED [build 2/6] WORKDIR /app                                        0.0s
[0m[36m => CACHED [build 3/6] COPY go.mod go.sum ./                               0.0s
[0m[36m => CACHED [build 4/6] RUN go mod download                                 0.0s
[0m[36m => [build 5/6] COPY . .                                                   0.1s
[0m => [build 6/6] RUN go build -o main ./cmd/main.go                        10.5s
[?25h[1A[1A[1A[1A[1A[1A[1A[1A[1A[0G[?25l[+] Building 12.3s (11/15)                                       docker:default
[36m => [stage-1 1/4] FROM docker.io/library/alpine:latest@sha256:0a4eaa0eecf  0.0s
[0m[36m => [internal] load build context                                          0.1s
[0m[36m => => transferring context: 14.36kB                                       0.0s
[0m[36m => CACHED [build 2/6] WORKDIR /app                                        0.0s
[0m[36m => CACHED [build 3/6] COPY go.mod go.sum ./                               0.0s
[0m[36m => CACHED [build 4/6] RUN go mod download                                 0.0s
[0m[36m => [build 5/6] COPY . .                                                   0.1s
[0m => [build 6/6] RUN go build -o main ./cmd/main.go                        10.5s
[?25h[1A[1A[1A[1A[1A[1A[1A[1A[1A[0G[?25l[+] Building 12.4s (11/15)                                       docker:default
[36m => [stage-1 1/4] FROM docker.io/library/alpine:latest@sha256:0a4eaa0eecf  0.0s
[0m[36m => [internal] load build context                                          0.1s
[0m[36m => => transferring context: 14.36kB                                       0.0s
[0m[36m => CACHED [build 2/6] WORKDIR /app                                        0.0s
[0m[36m => CACHED [build 3/6] COPY go.mod go.sum ./                               0.0s
[0m[36m => CACHED [build 4/6] RUN go mod download                                 0.0s
[0m[36m => [build 5/6] COPY . .                                                   0.1s
[0m => [build 6/6] RUN go build -o main ./cmd/main.go                        10.7s
[?25h[1A[1A[1A[1A[1A[1A[1A[1A[1A[0G[?25l[+] Building 12.6s (11/15)                                       docker:default
[36m => [stage-1 1/4] FROM docker.io/library/alpine:latest@sha256:0a4eaa0eecf  0.0s
[0m[36m => [internal] load build context                                          0.1s
[0m[36m => => transferring context: 14.36kB                                       0.0s
[0m[36m => CACHED [build 2/6] WORKDIR /app                                        0.0s
[0m[36m => CACHED [build 3/6] COPY go.mod go.sum ./                               0.0s
[0m[36m => CACHED [build 4/6] RUN go mod download                                 0.0s
[0m[36m => [build 5/6] COPY . .                                                   0.1s
[0m => [build 6/6] RUN go build -o main ./cmd/main.go                        10.8s
[?25h[1A[1A[1A[1A[1A[1A[1A[1A[1A[0G[?25l[+] Building 12.7s (11/15)                                       docker:default
[36m => [stage-1 1/4] FROM docker.io/library/alpine:latest@sha256:0a4eaa0eecf  0.0s
[0m[36m => [internal] load build context                                          0.1s
[0m[36m => => transferring context: 14.36kB                                       0.0s
[0m[36m => CACHED [build 2/6] WORKDIR /app                                        0.0s
[0m[36m => CACHED [build 3/6] COPY go.mod go.sum ./                               0.0s
[0m[36m => CACHED [build 4/6] RUN go mod download                                 0.0s
[0m[36m => [build 5/6] COPY . .                                                   0.1s
[0m => [build 6/6] RUN go build -o main ./cmd/main.go                        11.0s
[?25h[1A[1A[1A[1A[1A[1A[1A[1A[1A[0G[?25l[+] Building 12.9s (11/15)                                       docker:default
[36m => [stage-1 1/4] FROM docker.io/library/alpine:latest@sha256:0a4eaa0eecf  0.0s
[0m[36m => [internal] load build context                                          0.1s
[0m[36m => => transferring context: 14.36kB                                       0.0s
[0m[36m => CACHED [build 2/6] WORKDIR /app                                        0.0s
[0m[36m => CACHED [build 3/6] COPY go.mod go.sum ./                               0.0s
[0m[36m => CACHED [build 4/6] RUN go mod download                                 0.0s
[0m[36m => [build 5/6] COPY . .                                                   0.1s
[0m => [build 6/6] RUN go build -o main ./cmd/main.go                        11.1s
[?25h[1A[1A[1A[1A[1A[1A[1A[1A[1A[0G[?25l[+] Building 13.0s (11/15)                                       docker:default
[36m => [stage-1 1/4] FROM docker.io/library/alpine:latest@sha256:0a4eaa0eecf  0.0s
[0m[36m => [internal] load build context                                          0.1s
[0m[36m => => transferring context: 14.36kB                                       0.0s
[0m[36m => CACHED [build 2/6] WORKDIR /app                                        0.0s
[0m[36m => CACHED [build 3/6] COPY go.mod go.sum ./                               0.0s
[0m[36m => CACHED [build 4/6] RUN go mod download                                 0.0s
[0m[36m => [build 5/6] COPY . .                                                   0.1s
[0m => [build 6/6] RUN go build -o main ./cmd/main.go                        11.3s
[?25h[1A[1A[1A[1A[1A[1A[1A[1A[1A[0G[?25l[+] Building 13.2s (11/15)                                       docker:default
[36m => [stage-1 1/4] FROM docker.io/library/alpine:latest@sha256:0a4eaa0eecf  0.0s
[0m[36m => [internal] load build context                                          0.1s
[0m[36m => => transferring context: 14.36kB                                       0.0s
[0m[36m => CACHED [build 2/6] WORKDIR /app                                        0.0s
[0m[36m => CACHED [build 3/6] COPY go.mod go.sum ./                               0.0s
[0m[36m => CACHED [build 4/6] RUN go mod download                                 0.0s
[0m[36m => [build 5/6] COPY . .                                                   0.1s
[0m => [build 6/6] RUN go build -o main ./cmd/main.go                        11.4s
[?25h[1A[1A[1A[1A[1A[1A[1A[1A[1A[0G[?25l[+] Building 13.3s (11/15)                                       docker:default
[36m => [stage-1 1/4] FROM docker.io/library/alpine:latest@sha256:0a4eaa0eecf  0.0s
[0m[36m => [internal] load build context                                          0.1s
[0m[36m => => transferring context: 14.36kB                                       0.0s
[0m[36m => CACHED [build 2/6] WORKDIR /app                                        0.0s
[0m[36m => CACHED [build 3/6] COPY go.mod go.sum ./                               0.0s
[0m[36m => CACHED [build 4/6] RUN go mod download                                 0.0s
[0m[36m => [build 5/6] COPY . .                                                   0.1s
[0m => [build 6/6] RUN go build -o main ./cmd/main.go                        11.6s
[?25h[1A[1A[1A[1A[1A[1A[1A[1A[1A[0G[?25l[+] Building 13.5s (11/15)                                       docker:default
[36m => [stage-1 1/4] FROM docker.io/library/alpine:latest@sha256:0a4eaa0eecf  0.0s
[0m[36m => [internal] load build context                                          0.1s
[0m[36m => => transferring context: 14.36kB                                       0.0s
[0m[36m => CACHED [build 2/6] WORKDIR /app                                        0.0s
[0m[36m => CACHED [build 3/6] COPY go.mod go.sum ./                               0.0s
[0m[36m => CACHED [build 4/6] RUN go mod download                                 0.0s
[0m[36m => [build 5/6] COPY . .                                                   0.1s
[0m => [build 6/6] RUN go build -o main ./cmd/main.go                        11.7s
[?25h[1A[1A[1A[1A[1A[1A[1A[1A[1A[0G[?25l[+] Building 13.6s (11/15)                                       docker:default
[36m => [stage-1 1/4] FROM docker.io/library/alpine:latest@sha256:0a4eaa0eecf  0.0s
[0m[36m => [internal] load build context                                          0.1s
[0m[36m => => transferring context: 14.36kB                                       0.0s
[0m[36m => CACHED [build 2/6] WORKDIR /app                                        0.0s
[0m[36m => CACHED [build 3/6] COPY go.mod go.sum ./                               0.0s
[0m[36m => CACHED [build 4/6] RUN go mod download                                 0.0s
[0m[36m => [build 5/6] COPY . .                                                   0.1s
[0m => [build 6/6] RUN go build -o main ./cmd/main.go                        11.8s
[?25h[1A[1A[1A[1A[1A[1A[1A[1A[1A[0G[?25l[+] Building 13.8s (11/15)                                       docker:default
[36m => [stage-1 1/4] FROM docker.io/library/alpine:latest@sha256:0a4eaa0eecf  0.0s
[0m[36m => [internal] load build context                                          0.1s
[0m[36m => => transferring context: 14.36kB                                       0.0s
[0m[36m => CACHED [build 2/6] WORKDIR /app                                        0.0s
[0m[36m => CACHED [build 3/6] COPY go.mod go.sum ./                               0.0s
[0m[36m => CACHED [build 4/6] RUN go mod download                                 0.0s
[0m[36m => [build 5/6] COPY . .                                                   0.1s
[0m => [build 6/6] RUN go build -o main ./cmd/main.go                        12.0s
[?25h[1A[1A[1A[1A[1A[1A[1A[1A[1A[0G[?25l[+] Building 13.9s (11/15)                                       docker:default
[36m => [stage-1 1/4] FROM docker.io/library/alpine:latest@sha256:0a4eaa0eecf  0.0s
[0m[36m => [internal] load build context                                          0.1s
[0m[36m => => transferring context: 14.36kB                                       0.0s
[0m[36m => CACHED [build 2/6] WORKDIR /app                                        0.0s
[0m[36m => CACHED [build 3/6] COPY go.mod go.sum ./                               0.0s
[0m[36m => CACHED [build 4/6] RUN go mod download                                 0.0s
[0m[36m => [build 5/6] COPY . .                                                   0.1s
[0m => [build 6/6] RUN go build -o main ./cmd/main.go                        12.2s
[?25h[1A[1A[1A[1A[1A[1A[1A[1A[1A[0G[?25l[+] Building 14.1s (11/15)                                       docker:default
[36m => [stage-1 1/4] FROM docker.io/library/alpine:latest@sha256:0a4eaa0eecf  0.0s
[0m[36m => [internal] load build context                                          0.1s
[0m[36m => => transferring context: 14.36kB                                       0.0s
[0m[36m => CACHED [build 2/6] WORKDIR /app                                        0.0s
[0m[36m => CACHED [build 3/6] COPY go.mod go.sum ./                               0.0s
[0m[36m => CACHED [build 4/6] RUN go mod download                                 0.0s
[0m[36m => [build 5/6] COPY . .                                                   0.1s
[0m => [build 6/6] RUN go build -o main ./cmd/main.go                        12.3s
[?25h[1A[1A[1A[1A[1A[1A[1A[1A[1A[0G[?25l[+] Building 14.2s (11/15)                                       docker:default
[36m => [stage-1 1/4] FROM docker.io/library/alpine:latest@sha256:0a4eaa0eecf  0.0s
[0m[36m => [internal] load build context                                          0.1s
[0m[36m => => transferring context: 14.36kB                                       0.0s
[0m[36m => CACHED [build 2/6] WORKDIR /app                                        0.0s
[0m[36m => CACHED [build 3/6] COPY go.mod go.sum ./                               0.0s
[0m[36m => CACHED [build 4/6] RUN go mod download                                 0.0s
[0m[36m => [build 5/6] COPY . .                                                   0.1s
[0m => [build 6/6] RUN go build -o main ./cmd/main.go                        12.4s
[?25h[1A[1A[1A[1A[1A[1A[1A[1A[1A[0G[?25l[+] Building 14.4s (11/15)                                       docker:default
[36m => [stage-1 1/4] FROM docker.io/library/alpine:latest@sha256:0a4eaa0eecf  0.0s
[0m[36m => [internal] load build context                                          0.1s
[0m[36m => => transferring context: 14.36kB                                       0.0s
[0m[36m => CACHED [build 2/6] WORKDIR /app                                        0.0s
[0m[36m => CACHED [build 3/6] COPY go.mod go.sum ./                               0.0s
[0m[36m => CACHED [build 4/6] RUN go mod download                                 0.0s
[0m[36m => [build 5/6] COPY . .                                                   0.1s
[0m => [build 6/6] RUN go build -o main ./cmd/main.go                        12.6s
[?25h[1A[1A[1A[1A[1A[1A[1A[1A[1A[0G[?25l[+] Building 14.5s (11/15)                                       docker:default
[36m => [stage-1 1/4] FROM docker.io/library/alpine:latest@sha256:0a4eaa0eecf  0.0s
[0m[36m => [internal] load build context                                          0.1s
[0m[36m => => transferring context: 14.36kB                                       0.0s
[0m[36m => CACHED [build 2/6] WORKDIR /app                                        0.0s
[0m[36m => CACHED [build 3/6] COPY go.mod go.sum ./                               0.0s
[0m[36m => CACHED [build 4/6] RUN go mod download                                 0.0s
[0m[36m => [build 5/6] COPY . .                                                   0.1s
[0m => [build 6/6] RUN go build -o main ./cmd/main.go                        12.8s
[?25h[1A[1A[1A[1A[1A[1A[1A[1A[1A[0G[?25l[+] Building 14.7s (11/15)                                       docker:default
[36m => [stage-1 1/4] FROM docker.io/library/alpine:latest@sha256:0a4eaa0eecf  0.0s
[0m[36m => [internal] load build context                                          0.1s
[0m[36m => => transferring context: 14.36kB                                       0.0s
[0m[36m => CACHED [build 2/6] WORKDIR /app                                        0.0s
[0m[36m => CACHED [build 3/6] COPY go.mod go.sum ./                               0.0s
[0m[36m => CACHED [build 4/6] RUN go mod download                                 0.0s
[0m[36m => [build 5/6] COPY . .                                                   0.1s
[0m => [build 6/6] RUN go build -o main ./cmd/main.go                        12.9s
[?25h[1A[1A[1A[1A[1A[1A[1A[1A[1A[0G[?25l[+] Building 14.8s (11/15)                                       docker:default
[36m => [stage-1 1/4] FROM docker.io/library/alpine:latest@sha256:0a4eaa0eecf  0.0s
[0m[36m => [internal] load build context                                          0.1s
[0m[36m => => transferring context: 14.36kB                                       0.0s
[0m[36m => CACHED [build 2/6] WORKDIR /app                                        0.0s
[0m[36m => CACHED [build 3/6] COPY go.mod go.sum ./                               0.0s
[0m[36m => CACHED [build 4/6] RUN go mod download                                 0.0s
[0m[36m => [build 5/6] COPY . .                                                   0.1s
[0m => [build 6/6] RUN go build -o main ./cmd/main.go                        13.1s
[?25h[1A[1A[1A[1A[1A[1A[1A[1A[1A[0G[?25l[+] Building 15.0s (11/15)                                       docker:default
[36m => [stage-1 1/4] FROM docker.io/library/alpine:latest@sha256:0a4eaa0eecf  0.0s
[0m[36m => [internal] load build context                                          0.1s
[0m[36m => => transferring context: 14.36kB                                       0.0s
[0m[36m => CACHED [build 2/6] WORKDIR /app                                        0.0s
[0m[36m => CACHED [build 3/6] COPY go.mod go.sum ./                               0.0s
[0m[36m => CACHED [build 4/6] RUN go mod download                                 0.0s
[0m[36m => [build 5/6] COPY . .                                                   0.1s
[0m => [build 6/6] RUN go build -o main ./cmd/main.go                        13.2s
[?25h[1A[1A[1A[1A[1A[1A[1A[1A[1A[0G[?25l[+] Building 15.1s (11/15)                                       docker:default
[36m => [stage-1 1/4] FROM docker.io/library/alpine:latest@sha256:0a4eaa0eecf  0.0s
[0m[36m => [internal] load build context                                          0.1s
[0m[36m => => transferring context: 14.36kB                                       0.0s
[0m[36m => CACHED [build 2/6] WORKDIR /app                                        0.0s
[0m[36m => CACHED [build 3/6] COPY go.mod go.sum ./                               0.0s
[0m[36m => CACHED [build 4/6] RUN go mod download                                 0.0s
[0m[36m => [build 5/6] COPY . .                                                   0.1s
[0m => [build 6/6] RUN go build -o main ./cmd/main.go                        13.4s
[?25h[1A[1A[1A[1A[1A[1A[1A[1A[1A[0G[?25l[+] Building 15.3s (11/15)                                       docker:default
[36m => [stage-1 1/4] FROM docker.io/library/alpine:latest@sha256:0a4eaa0eecf  0.0s
[0m[36m => [internal] load build context                                          0.1s
[0m[36m => => transferring context: 14.36kB                                       0.0s
[0m[36m => CACHED [build 2/6] WORKDIR /app                                        0.0s
[0m[36m => CACHED [build 3/6] COPY go.mod go.sum ./                               0.0s
[0m[36m => CACHED [build 4/6] RUN go mod download                                 0.0s
[0m[36m => [build 5/6] COPY . .                                                   0.1s
[0m => [build 6/6] RUN go build -o main ./cmd/main.go                        13.5s
[?25h[1A[1A[1A[1A[1A[1A[1A[1A[1A[0G[?25l[+] Building 15.4s (11/15)                                       docker:default
[36m => [stage-1 1/4] FROM docker.io/library/alpine:latest@sha256:0a4eaa0eecf  0.0s
[0m[36m => [internal] load build context                                          0.1s
[0m[36m => => transferring context: 14.36kB                                       0.0s
[0m[36m => CACHED [build 2/6] WORKDIR /app                                        0.0s
[0m[36m => CACHED [build 3/6] COPY go.mod go.sum ./                               0.0s
[0m[36m => CACHED [build 4/6] RUN go mod download                                 0.0s
[0m[36m => [build 5/6] COPY . .                                                   0.1s
[0m => [build 6/6] RUN go build -o main ./cmd/main.go                        13.7s
[?25h[1A[1A[1A[1A[1A[1A[1A[1A[1A[0G[?25l[+] Building 15.6s (11/15)                                       docker:default
[36m => [stage-1 1/4] FROM docker.io/library/alpine:latest@sha256:0a4eaa0eecf  0.0s
[0m[36m => [internal] load build context                                          0.1s
[0m[36m => => transferring context: 14.36kB                                       0.0s
[0m[36m => CACHED [build 2/6] WORKDIR /app                                        0.0s
[0m[36m => CACHED [build 3/6] COPY go.mod go.sum ./                               0.0s
[0m[36m => CACHED [build 4/6] RUN go mod download                                 0.0s
[0m[36m => [build 5/6] COPY . .                                                   0.1s
[0m => [build 6/6] RUN go build -o main ./cmd/main.go                        13.8s
[?25h[1A[1A[1A[1A[1A[1A[1A[1A[1A[0G[?25l[+] Building 15.7s (11/15)                                       docker:default
[36m => [stage-1 1/4] FROM docker.io/library/alpine:latest@sha256:0a4eaa0eecf  0.0s
[0m[36m => [internal] load build context                                          0.1s
[0m[36m => => transferring context: 14.36kB                                       0.0s
[0m[36m => CACHED [build 2/6] WORKDIR /app                                        0.0s
[0m[36m => CACHED [build 3/6] COPY go.mod go.sum ./                               0.0s
[0m[36m => CACHED [build 4/6] RUN go mod download                                 0.0s
[0m[36m => [build 5/6] COPY . .                                                   0.1s
[0m => [build 6/6] RUN go build -o main ./cmd/main.go                        14.0s
[?25h[1A[1A[1A[1A[1A[1A[1A[1A[1A[0G[?25l[+] Building 15.9s (11/15)                                       docker:default
[36m => [stage-1 1/4] FROM docker.io/library/alpine:latest@sha256:0a4eaa0eecf  0.0s
[0m[36m => [internal] load build context                                          0.1s
[0m[36m => => transferring context: 14.36kB                                       0.0s
[0m[36m => CACHED [build 2/6] WORKDIR /app                                        0.0s
[0m[36m => CACHED [build 3/6] COPY go.mod go.sum ./                               0.0s
[0m[36m => CACHED [build 4/6] RUN go mod download                                 0.0s
[0m[36m => [build 5/6] COPY . .                                                   0.1s
[0m => [build 6/6] RUN go build -o main ./cmd/main.go                        14.1s
[?25h[1A[1A[1A[1A[1A[1A[1A[1A[1A[0G[?25l[+] Building 16.0s (11/15)                                       docker:default
[36m => [stage-1 1/4] FROM docker.io/library/alpine:latest@sha256:0a4eaa0eecf  0.0s
[0m[36m => [internal] load build context                                          0.1s
[0m[36m => => transferring context: 14.36kB                                       0.0s
[0m[36m => CACHED [build 2/6] WORKDIR /app                                        0.0s
[0m[36m => CACHED [build 3/6] COPY go.mod go.sum ./                               0.0s
[0m[36m => CACHED [build 4/6] RUN go mod download                                 0.0s
[0m[36m => [build 5/6] COPY . .                                                   0.1s
[0m => [build 6/6] RUN go build -o main ./cmd/main.go                        14.3s
[?25h[1A[1A[1A[1A[1A[1A[1A[1A[1A[0G[?25l[+] Building 16.2s (11/15)                                       docker:default
[36m => [stage-1 1/4] FROM docker.io/library/alpine:latest@sha256:0a4eaa0eecf  0.0s
[0m[36m => [internal] load build context                                          0.1s
[0m[36m => => transferring context: 14.36kB                                       0.0s
[0m[36m => CACHED [build 2/6] WORKDIR /app                                        0.0s
[0m[36m => CACHED [build 3/6] COPY go.mod go.sum ./                               0.0s
[0m[36m => CACHED [build 4/6] RUN go mod download                                 0.0s
[0m[36m => [build 5/6] COPY . .                                                   0.1s
[0m => [build 6/6] RUN go build -o main ./cmd/main.go                        14.4s
[?25h[1A[1A[1A[1A[1A[1A[1A[1A[1A[0G[?25l[+] Building 16.3s (11/15)                                       docker:default
[36m => [stage-1 1/4] FROM docker.io/library/alpine:latest@sha256:0a4eaa0eecf  0.0s
[0m[36m => [internal] load build context                                          0.1s
[0m[36m => => transferring context: 14.36kB                                       0.0s
[0m[36m => CACHED [build 2/6] WORKDIR /app                                        0.0s
[0m[36m => CACHED [build 3/6] COPY go.mod go.sum ./                               0.0s
[0m[36m => CACHED [build 4/6] RUN go mod download                                 0.0s
[0m[36m => [build 5/6] COPY . .                                                   0.1s
[0m => [build 6/6] RUN go build -o main ./cmd/main.go                        14.6s
[?25h[1A[1A[1A[1A[1A[1A[1A[1A[1A[0G[?25l[+] Building 16.5s (11/15)                                       docker:default
[36m => [stage-1 1/4] FROM docker.io/library/alpine:latest@sha256:0a4eaa0eecf  0.0s
[0m[36m => [internal] load build context                                          0.1s
[0m[36m => => transferring context: 14.36kB                                       0.0s
[0m[36m => CACHED [build 2/6] WORKDIR /app                                        0.0s
[0m[36m => CACHED [build 3/6] COPY go.mod go.sum ./                               0.0s
[0m[36m => CACHED [build 4/6] RUN go mod download                                 0.0s
[0m[36m => [build 5/6] COPY . .                                                   0.1s
[0m => [build 6/6] RUN go build -o main ./cmd/main.go                        14.7s
[?25h[1A[1A[1A[1A[1A[1A[1A[1A[1A[0G[?25l[+] Building 16.6s (11/15)                                       docker:default
[36m => [stage-1 1/4] FROM docker.io/library/alpine:latest@sha256:0a4eaa0eecf  0.0s
[0m[36m => [internal] load build context                                          0.1s
[0m[36m => => transferring context: 14.36kB                                       0.0s
[0m[36m => CACHED [build 2/6] WORKDIR /app                                        0.0s
[0m[36m => CACHED [build 3/6] COPY go.mod go.sum ./                               0.0s
[0m[36m => CACHED [build 4/6] RUN go mod download                                 0.0s
[0m[36m => [build 5/6] COPY . .                                                   0.1s
[0m => [build 6/6] RUN go build -o main ./cmd/main.go                        14.9s
[?25h[1A[1A[1A[1A[1A[1A[1A[1A[1A[0G[?25l[+] Building 16.8s (11/15)                                       docker:default
[36m => [stage-1 1/4] FROM docker.io/library/alpine:latest@sha256:0a4eaa0eecf  0.0s
[0m[36m => [internal] load build context                                          0.1s
[0m[36m => => transferring context: 14.36kB                                       0.0s
[0m[36m => CACHED [build 2/6] WORKDIR /app                                        0.0s
[0m[36m => CACHED [build 3/6] COPY go.mod go.sum ./                               0.0s
[0m[36m => CACHED [build 4/6] RUN go mod download                                 0.0s
[0m[36m => [build 5/6] COPY . .                                                   0.1s
[0m => [build 6/6] RUN go build -o main ./cmd/main.go                        15.0s
[?25h[1A[1A[1A[1A[1A[1A[1A[1A[1A[0G[?25l[+] Building 16.9s (11/15)                                       docker:default
[36m => [stage-1 1/4] FROM docker.io/library/alpine:latest@sha256:0a4eaa0eecf  0.0s
[0m[36m => [internal] load build context                                          0.1s
[0m[36m => => transferring context: 14.36kB                                       0.0s
[0m[36m => CACHED [build 2/6] WORKDIR /app                                        0.0s
[0m[36m => CACHED [build 3/6] COPY go.mod go.sum ./                               0.0s
[0m[36m => CACHED [build 4/6] RUN go mod download                                 0.0s
[0m[36m => [build 5/6] COPY . .                                                   0.1s
[0m => [build 6/6] RUN go build -o main ./cmd/main.go                        15.1s
[?25h[1A[1A[1A[1A[1A[1A[1A[1A[1A[0G[?25l[+] Building 17.1s (11/15)                                       docker:default
[36m => [stage-1 1/4] FROM docker.io/library/alpine:latest@sha256:0a4eaa0eecf  0.0s
[0m[36m => [internal] load build context                                          0.1s
[0m[36m => => transferring context: 14.36kB                                       0.0s
[0m[36m => CACHED [build 2/6] WORKDIR /app                                        0.0s
[0m[36m => CACHED [build 3/6] COPY go.mod go.sum ./                               0.0s
[0m[36m => CACHED [build 4/6] RUN go mod download                                 0.0s
[0m[36m => [build 5/6] COPY . .                                                   0.1s
[0m => [build 6/6] RUN go build -o main ./cmd/main.go                        15.3s
[?25h[1A[1A[1A[1A[1A[1A[1A[1A[1A[0G[?25l[+] Building 17.2s (11/15)                                       docker:default
[36m => [stage-1 1/4] FROM docker.io/library/alpine:latest@sha256:0a4eaa0eecf  0.0s
[0m[36m => [internal] load build context                                          0.1s
[0m[36m => => transferring context: 14.36kB                                       0.0s
[0m[36m => CACHED [build 2/6] WORKDIR /app                                        0.0s
[0m[36m => CACHED [build 3/6] COPY go.mod go.sum ./                               0.0s
[0m[36m => CACHED [build 4/6] RUN go mod download                                 0.0s
[0m[36m => [build 5/6] COPY . .                                                   0.1s
[0m => [build 6/6] RUN go build -o main ./cmd/main.go                        15.5s
[?25h[1A[1A[1A[1A[1A[1A[1A[1A[1A[0G[?25l[+] Building 17.4s (11/15)                                       docker:default
[36m => [stage-1 1/4] FROM docker.io/library/alpine:latest@sha256:0a4eaa0eecf  0.0s
[0m[36m => [internal] load build context                                          0.1s
[0m[36m => => transferring context: 14.36kB                                       0.0s
[0m[36m => CACHED [build 2/6] WORKDIR /app                                        0.0s
[0m[36m => CACHED [build 3/6] COPY go.mod go.sum ./                               0.0s
[0m[36m => CACHED [build 4/6] RUN go mod download                                 0.0s
[0m[36m => [build 5/6] COPY . .                                                   0.1s
[0m => [build 6/6] RUN go build -o main ./cmd/main.go                        15.6s
[?25h[1A[1A[1A[1A[1A[1A[1A[1A[1A[0G[?25l[+] Building 17.6s (11/15)                                       docker:default
[36m => [stage-1 1/4] FROM docker.io/library/alpine:latest@sha256:0a4eaa0eecf  0.0s
[0m[36m => [internal] load build context                                          0.1s
[0m[36m => => transferring context: 14.36kB                                       0.0s
[0m[36m => CACHED [build 2/6] WORKDIR /app                                        0.0s
[0m[36m => CACHED [build 3/6] COPY go.mod go.sum ./                               0.0s
[0m[36m => CACHED [build 4/6] RUN go mod download                                 0.0s
[0m[36m => [build 5/6] COPY . .                                                   0.1s
[0m => [build 6/6] RUN go build -o main ./cmd/main.go                        15.8s
[?25h[1A[1A[1A[1A[1A[1A[1A[1A[1A[0G[?25l[+] Building 17.7s (11/15)                                       docker:default
[36m => [stage-1 1/4] FROM docker.io/library/alpine:latest@sha256:0a4eaa0eecf  0.0s
[0m[36m => [internal] load build context                                          0.1s
[0m[36m => => transferring context: 14.36kB                                       0.0s
[0m[36m => CACHED [build 2/6] WORKDIR /app                                        0.0s
[0m[36m => CACHED [build 3/6] COPY go.mod go.sum ./                               0.0s
[0m[36m => CACHED [build 4/6] RUN go mod download                                 0.0s
[0m[36m => [build 5/6] COPY . .                                                   0.1s
[0m => [build 6/6] RUN go build -o main ./cmd/main.go                        15.9s
[?25h[1A[1A[1A[1A[1A[1A[1A[1A[1A[0G[?25l[+] Building 17.8s (11/15)                                       docker:default
[36m => [stage-1 1/4] FROM docker.io/library/alpine:latest@sha256:0a4eaa0eecf  0.0s
[0m[36m => [internal] load build context                                          0.1s
[0m[36m => => transferring context: 14.36kB                                       0.0s
[0m[36m => CACHED [build 2/6] WORKDIR /app                                        0.0s
[0m[36m => CACHED [build 3/6] COPY go.mod go.sum ./                               0.0s
[0m[36m => CACHED [build 4/6] RUN go mod download                                 0.0s
[0m[36m => [build 5/6] COPY . .                                                   0.1s
[0m => [build 6/6] RUN go build -o main ./cmd/main.go                        16.1s
[?25h[1A[1A[1A[1A[1A[1A[1A[1A[1A[0G[?25l[+] Building 18.0s (11/15)                                       docker:default
[36m => [stage-1 1/4] FROM docker.io/library/alpine:latest@sha256:0a4eaa0eecf  0.0s
[0m[36m => [internal] load build context                                          0.1s
[0m[36m => => transferring context: 14.36kB                                       0.0s
[0m[36m => CACHED [build 2/6] WORKDIR /app                                        0.0s
[0m[36m => CACHED [build 3/6] COPY go.mod go.sum ./                               0.0s
[0m[36m => CACHED [build 4/6] RUN go mod download                                 0.0s
[0m[36m => [build 5/6] COPY . .                                                   0.1s
[0m => [build 6/6] RUN go build -o main ./cmd/main.go                        16.2s
[?25h[1A[1A[1A[1A[1A[1A[1A[1A[1A[0G[?25l[+] Building 18.1s (11/15)                                       docker:default
[36m => [stage-1 1/4] FROM docker.io/library/alpine:latest@sha256:0a4eaa0eecf  0.0s
[0m[36m => [internal] load build context                                          0.1s
[0m[36m => => transferring context: 14.36kB                                       0.0s
[0m[36m => CACHED [build 2/6] WORKDIR /app                                        0.0s
[0m[36m => CACHED [build 3/6] COPY go.mod go.sum ./                               0.0s
[0m[36m => CACHED [build 4/6] RUN go mod download                                 0.0s
[0m[36m => [build 5/6] COPY . .                                                   0.1s
[0m => [build 6/6] RUN go build -o main ./cmd/main.go                        16.4s
[?25h[1A[1A[1A[1A[1A[1A[1A[1A[1A[0G[?25l[+] Building 18.3s (11/15)                                       docker:default
[36m => [stage-1 1/4] FROM docker.io/library/alpine:latest@sha256:0a4eaa0eecf  0.0s
[0m[36m => [internal] load build context                                          0.1s
[0m[36m => => transferring context: 14.36kB                                       0.0s
[0m[36m => CACHED [build 2/6] WORKDIR /app                                        0.0s
[0m[36m => CACHED [build 3/6] COPY go.mod go.sum ./                               0.0s
[0m[36m => CACHED [build 4/6] RUN go mod download                                 0.0s
[0m[36m => [build 5/6] COPY . .                                                   0.1s
[0m => [build 6/6] RUN go build -o main ./cmd/main.go                        16.5s
[?25h[1A[1A[1A[1A[1A[1A[1A[1A[1A[0G[?25l[+] Building 18.4s (11/15)                                       docker:default
[36m => [stage-1 1/4] FROM docker.io/library/alpine:latest@sha256:0a4eaa0eecf  0.0s
[0m[36m => [internal] load build context                                          0.1s
[0m[36m => => transferring context: 14.36kB                                       0.0s
[0m[36m => CACHED [build 2/6] WORKDIR /app                                        0.0s
[0m[36m => CACHED [build 3/6] COPY go.mod go.sum ./                               0.0s
[0m[36m => CACHED [build 4/6] RUN go mod download                                 0.0s
[0m[36m => [build 5/6] COPY . .                                                   0.1s
[0m => [build 6/6] RUN go build -o main ./cmd/main.go                        16.7s
[?25h[1A[1A[1A[1A[1A[1A[1A[1A[1A[0G[?25l[+] Building 18.6s (11/15)                                       docker:default
[36m => [stage-1 1/4] FROM docker.io/library/alpine:latest@sha256:0a4eaa0eecf  0.0s
[0m[36m => [internal] load build context                                          0.1s
[0m[36m => => transferring context: 14.36kB                                       0.0s
[0m[36m => CACHED [build 2/6] WORKDIR /app                                        0.0s
[0m[36m => CACHED [build 3/6] COPY go.mod go.sum ./                               0.0s
[0m[36m => CACHED [build 4/6] RUN go mod download                                 0.0s
[0m[36m => [build 5/6] COPY . .                                                   0.1s
[0m => [build 6/6] RUN go build -o main ./cmd/main.go                        16.8s
[?25h[1A[1A[1A[1A[1A[1A[1A[1A[1A[0G[?25l[+] Building 18.7s (11/15)                                       docker:default
[36m => [stage-1 1/4] FROM docker.io/library/alpine:latest@sha256:0a4eaa0eecf  0.0s
[0m[36m => [internal] load build context                                          0.1s
[0m[36m => => transferring context: 14.36kB                                       0.0s
[0m[36m => CACHED [build 2/6] WORKDIR /app                                        0.0s
[0m[36m => CACHED [build 3/6] COPY go.mod go.sum ./                               0.0s
[0m[36m => CACHED [build 4/6] RUN go mod download                                 0.0s
[0m[36m => [build 5/6] COPY . .                                                   0.1s
[0m => [build 6/6] RUN go build -o main ./cmd/main.go                        17.0s
[?25h[1A[1A[1A[1A[1A[1A[1A[1A[1A[0G[?25l[+] Building 18.9s (11/15)                                       docker:default
[36m => [stage-1 1/4] FROM docker.io/library/alpine:latest@sha256:0a4eaa0eecf  0.0s
[0m[36m => [internal] load build context                                          0.1s
[0m[36m => => transferring context: 14.36kB                                       0.0s
[0m[36m => CACHED [build 2/6] WORKDIR /app                                        0.0s
[0m[36m => CACHED [build 3/6] COPY go.mod go.sum ./                               0.0s
[0m[36m => CACHED [build 4/6] RUN go mod download                                 0.0s
[0m[36m => [build 5/6] COPY . .                                                   0.1s
[0m => [build 6/6] RUN go build -o main ./cmd/main.go                        17.1s
[?25h[1A[1A[1A[1A[1A[1A[1A[1A[1A[0G[?25l[+] Building 19.0s (11/15)                                       docker:default
[36m => [stage-1 1/4] FROM docker.io/library/alpine:latest@sha256:0a4eaa0eecf  0.0s
[0m[36m => [internal] load build context                                          0.1s
[0m[36m => => transferring context: 14.36kB                                       0.0s
[0m[36m => CACHED [build 2/6] WORKDIR /app                                        0.0s
[0m[36m => CACHED [build 3/6] COPY go.mod go.sum ./                               0.0s
[0m[36m => CACHED [build 4/6] RUN go mod download                                 0.0s
[0m[36m => [build 5/6] COPY . .                                                   0.1s
[0m => [build 6/6] RUN go build -o main ./cmd/main.go                        17.3s
[?25h[1A[1A[1A[1A[1A[1A[1A[1A[1A[0G[?25l[+] Building 19.2s (11/15)                                       docker:default
[36m => [stage-1 1/4] FROM docker.io/library/alpine:latest@sha256:0a4eaa0eecf  0.0s
[0m[36m => [internal] load build context                                          0.1s
[0m[36m => => transferring context: 14.36kB                                       0.0s
[0m[36m => CACHED [build 2/6] WORKDIR /app                                        0.0s
[0m[36m => CACHED [build 3/6] COPY go.mod go.sum ./                               0.0s
[0m[36m => CACHED [build 4/6] RUN go mod download                                 0.0s
[0m[36m => [build 5/6] COPY . .                                                   0.1s
[0m => [build 6/6] RUN go build -o main ./cmd/main.go                        17.4s
[?25h[1A[1A[1A[1A[1A[1A[1A[1A[1A[0G[?25l[+] Building 19.3s (11/15)                                       docker:default
[36m => [stage-1 1/4] FROM docker.io/library/alpine:latest@sha256:0a4eaa0eecf  0.0s
[0m[36m => [internal] load build context                                          0.1s
[0m[36m => => transferring context: 14.36kB                                       0.0s
[0m[36m => CACHED [build 2/6] WORKDIR /app                                        0.0s
[0m[36m => CACHED [build 3/6] COPY go.mod go.sum ./                               0.0s
[0m[36m => CACHED [build 4/6] RUN go mod download                                 0.0s
[0m[36m => [build 5/6] COPY . .                                                   0.1s
[0m => [build 6/6] RUN go build -o main ./cmd/main.go                        17.6s
[?25h[1A[1A[1A[1A[1A[1A[1A[1A[1A[0G[?25l[+] Building 19.5s (11/15)                                       docker:default
[36m => [stage-1 1/4] FROM docker.io/library/alpine:latest@sha256:0a4eaa0eecf  0.0s
[0m[36m => [internal] load build context                                          0.1s
[0m[36m => => transferring context: 14.36kB                                       0.0s
[0m[36m => CACHED [build 2/6] WORKDIR /app                                        0.0s
[0m[36m => CACHED [build 3/6] COPY go.mod go.sum ./                               0.0s
[0m[36m => CACHED [build 4/6] RUN go mod download                                 0.0s
[0m[36m => [build 5/6] COPY . .                                                   0.1s
[0m => [build 6/6] RUN go build -o main ./cmd/main.go                        17.8s
[?25h[1A[1A[1A[1A[1A[1A[1A[1A[1A[0G[?25l[+] Building 19.6s (11/15)                                       docker:default
[36m => [stage-1 1/4] FROM docker.io/library/alpine:latest@sha256:0a4eaa0eecf  0.0s
[0m[36m => [internal] load build context                                          0.1s
[0m[36m => => transferring context: 14.36kB                                       0.0s
[0m[36m => CACHED [build 2/6] WORKDIR /app                                        0.0s
[0m[36m => CACHED [build 3/6] COPY go.mod go.sum ./                               0.0s
[0m[36m => CACHED [build 4/6] RUN go mod download                                 0.0s
[0m[36m => [build 5/6] COPY . .                                                   0.1s
[0m => [build 6/6] RUN go build -o main ./cmd/main.go                        17.9s
[?25h[1A[1A[1A[1A[1A[1A[1A[1A[1A[0G[?25l[+] Building 19.8s (11/15)                                       docker:default
[36m => [stage-1 1/4] FROM docker.io/library/alpine:latest@sha256:0a4eaa0eecf  0.0s
[0m[36m => [internal] load build context                                          0.1s
[0m[36m => => transferring context: 14.36kB                                       0.0s
[0m[36m => CACHED [build 2/6] WORKDIR /app                                        0.0s
[0m[36m => CACHED [build 3/6] COPY go.mod go.sum ./                               0.0s
[0m[36m => CACHED [build 4/6] RUN go mod download                                 0.0s
[0m[36m => [build 5/6] COPY . .                                                   0.1s
[0m => [build 6/6] RUN go build -o main ./cmd/main.go                        18.0s
[?25h[1A[1A[1A[1A[1A[1A[1A[1A[1A[0G[?25l[+] Building 20.0s (11/15)                                       docker:default
[36m => [stage-1 1/4] FROM docker.io/library/alpine:latest@sha256:0a4eaa0eecf  0.0s
[0m[36m => [internal] load build context                                          0.1s
[0m[36m => => transferring context: 14.36kB                                       0.0s
[0m[36m => CACHED [build 2/6] WORKDIR /app                                        0.0s
[0m[36m => CACHED [build 3/6] COPY go.mod go.sum ./                               0.0s
[0m[36m => CACHED [build 4/6] RUN go mod download                                 0.0s
[0m[36m => [build 5/6] COPY . .                                                   0.1s
[0m => [build 6/6] RUN go build -o main ./cmd/main.go                        18.3s
[?25h[1A[1A[1A[1A[1A[1A[1A[1A[1A[0G[?25l[+] Building 20.1s (11/15)                                       docker:default
[36m => [stage-1 1/4] FROM docker.io/library/alpine:latest@sha256:0a4eaa0eecf  0.0s
[0m[36m => [internal] load build context                                          0.1s
[0m[36m => => transferring context: 14.36kB                                       0.0s
[0m[36m => CACHED [build 2/6] WORKDIR /app                                        0.0s
[0m[36m => CACHED [build 3/6] COPY go.mod go.sum ./                               0.0s
[0m[36m => CACHED [build 4/6] RUN go mod download                                 0.0s
[0m[36m => [build 5/6] COPY . .                                                   0.1s
[0m => [build 6/6] RUN go build -o main ./cmd/main.go                        18.3s
[?25h[1A[1A[1A[1A[1A[1A[1A[1A[1A[0G[?25l[+] Building 20.2s (11/15)                                       docker:default
[36m => [stage-1 1/4] FROM docker.io/library/alpine:latest@sha256:0a4eaa0eecf  0.0s
[0m[36m => [internal] load build context                                          0.1s
[0m[36m => => transferring context: 14.36kB                                       0.0s
[0m[36m => CACHED [build 2/6] WORKDIR /app                                        0.0s
[0m[36m => CACHED [build 3/6] COPY go.mod go.sum ./                               0.0s
[0m[36m => CACHED [build 4/6] RUN go mod download                                 0.0s
[0m[36m => [build 5/6] COPY . .                                                   0.1s
[0m => [build 6/6] RUN go build -o main ./cmd/main.go                        18.5s
[?25h[1A[1A[1A[1A[1A[1A[1A[1A[1A[0G[?25l[+] Building 20.4s (11/15)                                       docker:default
[36m => [stage-1 1/4] FROM docker.io/library/alpine:latest@sha256:0a4eaa0eecf  0.0s
[0m[36m => [internal] load build context                                          0.1s
[0m[36m => => transferring context: 14.36kB                                       0.0s
[0m[36m => CACHED [build 2/6] WORKDIR /app                                        0.0s
[0m[36m => CACHED [build 3/6] COPY go.mod go.sum ./                               0.0s
[0m[36m => CACHED [build 4/6] RUN go mod download                                 0.0s
[0m[36m => [build 5/6] COPY . .                                                   0.1s
[0m => [build 6/6] RUN go build -o main ./cmd/main.go                        18.6s
[?25h[1A[1A[1A[1A[1A[1A[1A[1A[1A[0G[?25l[+] Building 20.5s (11/15)                                       docker:default
[36m => [stage-1 1/4] FROM docker.io/library/alpine:latest@sha256:0a4eaa0eecf  0.0s
[0m[36m => [internal] load build context                                          0.1s
[0m[36m => => transferring context: 14.36kB                                       0.0s
[0m[36m => CACHED [build 2/6] WORKDIR /app                                        0.0s
[0m[36m => CACHED [build 3/6] COPY go.mod go.sum ./                               0.0s
[0m[36m => CACHED [build 4/6] RUN go mod download                                 0.0s
[0m[36m => [build 5/6] COPY . .                                                   0.1s
[0m => [build 6/6] RUN go build -o main ./cmd/main.go                        18.8s
[?25h[1A[1A[1A[1A[1A[1A[1A[1A[1A[0G[?25l[+] Building 20.7s (11/15)                                       docker:default
[36m => [stage-1 1/4] FROM docker.io/library/alpine:latest@sha256:0a4eaa0eecf  0.0s
[0m[36m => [internal] load build context                                          0.1s
[0m[36m => => transferring context: 14.36kB                                       0.0s
[0m[36m => CACHED [build 2/6] WORKDIR /app                                        0.0s
[0m[36m => CACHED [build 3/6] COPY go.mod go.sum ./                               0.0s
[0m[36m => CACHED [build 4/6] RUN go mod download                                 0.0s
[0m[36m => [build 5/6] COPY . .                                                   0.1s
[0m => [build 6/6] RUN go build -o main ./cmd/main.go                        18.9s
[?25h[1A[1A[1A[1A[1A[1A[1A[1A[1A[0G[?25l[+] Building 20.9s (11/15)                                       docker:default
[36m => [stage-1 1/4] FROM docker.io/library/alpine:latest@sha256:0a4eaa0eecf  0.0s
[0m[36m => [internal] load build context                                          0.1s
[0m[36m => => transferring context: 14.36kB                                       0.0s
[0m[36m => CACHED [build 2/6] WORKDIR /app                                        0.0s
[0m[36m => CACHED [build 3/6] COPY go.mod go.sum ./                               0.0s
[0m[36m => CACHED [build 4/6] RUN go mod download                                 0.0s
[0m[36m => [build 5/6] COPY . .                                                   0.1s
[0m => [build 6/6] RUN go build -o main ./cmd/main.go                        19.1s
[?25h[1A[1A[1A[1A[1A[1A[1A[1A[1A[0G[?25l[+] Building 21.0s (11/15)                                       docker:default
[36m => [stage-1 1/4] FROM docker.io/library/alpine:latest@sha256:0a4eaa0eecf  0.0s
[0m[36m => [internal] load build context                                          0.1s
[0m[36m => => transferring context: 14.36kB                                       0.0s
[0m[36m => CACHED [build 2/6] WORKDIR /app                                        0.0s
[0m[36m => CACHED [build 3/6] COPY go.mod go.sum ./                               0.0s
[0m[36m => CACHED [build 4/6] RUN go mod download                                 0.0s
[0m[36m => [build 5/6] COPY . .                                                   0.1s
[0m => [build 6/6] RUN go build -o main ./cmd/main.go                        19.3s
[?25h[1A[1A[1A[1A[1A[1A[1A[1A[1A[0G[?25l[+] Building 21.2s (11/15)                                       docker:default
[36m => [stage-1 1/4] FROM docker.io/library/alpine:latest@sha256:0a4eaa0eecf  0.0s
[0m[36m => [internal] load build context                                          0.1s
[0m[36m => => transferring context: 14.36kB                                       0.0s
[0m[36m => CACHED [build 2/6] WORKDIR /app                                        0.0s
[0m[36m => CACHED [build 3/6] COPY go.mod go.sum ./                               0.0s
[0m[36m => CACHED [build 4/6] RUN go mod download                                 0.0s
[0m[36m => [build 5/6] COPY . .                                                   0.1s
[0m => [build 6/6] RUN go build -o main ./cmd/main.go                        19.5s
[?25h[1A[1A[1A[1A[1A[1A[1A[1A[1A[0G[?25l[+] Building 21.3s (11/15)                                       docker:default
[36m => [stage-1 1/4] FROM docker.io/library/alpine:latest@sha256:0a4eaa0eecf  0.0s
[0m[36m => [internal] load build context                                          0.1s
[0m[36m => => transferring context: 14.36kB                                       0.0s
[0m[36m => CACHED [build 2/6] WORKDIR /app                                        0.0s
[0m[36m => CACHED [build 3/6] COPY go.mod go.sum ./                               0.0s
[0m[36m => CACHED [build 4/6] RUN go mod download                                 0.0s
[0m[36m => [build 5/6] COPY . .                                                   0.1s
[0m => [build 6/6] RUN go build -o main ./cmd/main.go                        19.5s
[?25h[1A[1A[1A[1A[1A[1A[1A[1A[1A[0G[?25l[+] Building 21.4s (11/15)                                       docker:default
[36m => [stage-1 1/4] FROM docker.io/library/alpine:latest@sha256:0a4eaa0eecf  0.0s
[0m[36m => [internal] load build context                                          0.1s
[0m[36m => => transferring context: 14.36kB                                       0.0s
[0m[36m => CACHED [build 2/6] WORKDIR /app                                        0.0s
[0m[36m => CACHED [build 3/6] COPY go.mod go.sum ./                               0.0s
[0m[36m => CACHED [build 4/6] RUN go mod download                                 0.0s
[0m[36m => [build 5/6] COPY . .                                                   0.1s
[0m => [build 6/6] RUN go build -o main ./cmd/main.go                        19.7s
[?25h[1A[1A[1A[1A[1A[1A[1A[1A[1A[0G[?25l[+] Building 21.6s (11/15)                                       docker:default
[36m => [stage-1 1/4] FROM docker.io/library/alpine:latest@sha256:0a4eaa0eecf  0.0s
[0m[36m => [internal] load build context                                          0.1s
[0m[36m => => transferring context: 14.36kB                                       0.0s
[0m[36m => CACHED [build 2/6] WORKDIR /app                                        0.0s
[0m[36m => CACHED [build 3/6] COPY go.mod go.sum ./                               0.0s
[0m[36m => CACHED [build 4/6] RUN go mod download                                 0.0s
[0m[36m => [build 5/6] COPY . .                                                   0.1s
[0m => [build 6/6] RUN go build -o main ./cmd/main.go                        19.8s
[?25h[1A[1A[1A[1A[1A[1A[1A[1A[1A[0G[?25l[+] Building 21.7s (11/15)                                       docker:default
[36m => [stage-1 1/4] FROM docker.io/library/alpine:latest@sha256:0a4eaa0eecf  0.0s
[0m[36m => [internal] load build context                                          0.1s
[0m[36m => => transferring context: 14.36kB                                       0.0s
[0m[36m => CACHED [build 2/6] WORKDIR /app                                        0.0s
[0m[36m => CACHED [build 3/6] COPY go.mod go.sum ./                               0.0s
[0m[36m => CACHED [build 4/6] RUN go mod download                                 0.0s
[0m[36m => [build 5/6] COPY . .                                                   0.1s
[0m => [build 6/6] RUN go build -o main ./cmd/main.go                        20.0s
[?25h[1A[1A[1A[1A[1A[1A[1A[1A[1A[0G[?25l[+] Building 21.9s (11/15)                                       docker:default
[36m => [stage-1 1/4] FROM docker.io/library/alpine:latest@sha256:0a4eaa0eecf  0.0s
[0m[36m => [internal] load build context                                          0.1s
[0m[36m => => transferring context: 14.36kB                                       0.0s
[0m[36m => CACHED [build 2/6] WORKDIR /app                                        0.0s
[0m[36m => CACHED [build 3/6] COPY go.mod go.sum ./                               0.0s
[0m[36m => CACHED [build 4/6] RUN go mod download                                 0.0s
[0m[36m => [build 5/6] COPY . .                                                   0.1s
[0m => [build 6/6] RUN go build -o main ./cmd/main.go                        20.1s
[?25h[1A[1A[1A[1A[1A[1A[1A[1A[1A[0G[?25l[+] Building 22.0s (11/15)                                       docker:default
[36m => [stage-1 1/4] FROM docker.io/library/alpine:latest@sha256:0a4eaa0eecf  0.0s
[0m[36m => [internal] load build context                                          0.1s
[0m[36m => => transferring context: 14.36kB                                       0.0s
[0m[36m => CACHED [build 2/6] WORKDIR /app                                        0.0s
[0m[36m => CACHED [build 3/6] COPY go.mod go.sum ./                               0.0s
[0m[36m => CACHED [build 4/6] RUN go mod download                                 0.0s
[0m[36m => [build 5/6] COPY . .                                                   0.1s
[0m => [build 6/6] RUN go build -o main ./cmd/main.go                        20.3s
[?25h[1A[1A[1A[1A[1A[1A[1A[1A[1A[0G[?25l[+] Building 22.2s (11/15)                                       docker:default
[36m => [stage-1 1/4] FROM docker.io/library/alpine:latest@sha256:0a4eaa0eecf  0.0s
[0m[36m => [internal] load build context                                          0.1s
[0m[36m => => transferring context: 14.36kB                                       0.0s
[0m[36m => CACHED [build 2/6] WORKDIR /app                                        0.0s
[0m[36m => CACHED [build 3/6] COPY go.mod go.sum ./                               0.0s
[0m[36m => CACHED [build 4/6] RUN go mod download                                 0.0s
[0m[36m => [build 5/6] COPY . .                                                   0.1s
[0m => [build 6/6] RUN go build -o main ./cmd/main.go                        20.4s
[?25h[1A[1A[1A[1A[1A[1A[1A[1A[1A[0G[?25l[+] Building 22.4s (11/15)                                       docker:default
[36m => [stage-1 1/4] FROM docker.io/library/alpine:latest@sha256:0a4eaa0eecf  0.0s
[0m[36m => [internal] load build context                                          0.1s
[0m[36m => => transferring context: 14.36kB                                       0.0s
[0m[36m => CACHED [build 2/6] WORKDIR /app                                        0.0s
[0m[36m => CACHED [build 3/6] COPY go.mod go.sum ./                               0.0s
[0m[36m => CACHED [build 4/6] RUN go mod download                                 0.0s
[0m[36m => [build 5/6] COPY . .                                                   0.1s
[0m => [build 6/6] RUN go build -o main ./cmd/main.go                        20.6s
[?25h[1A[1A[1A[1A[1A[1A[1A[1A[1A[0G[?25l[+] Building 22.5s (11/15)                                       docker:default
[36m => [stage-1 1/4] FROM docker.io/library/alpine:latest@sha256:0a4eaa0eecf  0.0s
[0m[36m => [internal] load build context                                          0.1s
[0m[36m => => transferring context: 14.36kB                                       0.0s
[0m[36m => CACHED [build 2/6] WORKDIR /app                                        0.0s
[0m[36m => CACHED [build 3/6] COPY go.mod go.sum ./                               0.0s
[0m[36m => CACHED [build 4/6] RUN go mod download                                 0.0s
[0m[36m => [build 5/6] COPY . .                                                   0.1s
[0m => [build 6/6] RUN go build -o main ./cmd/main.go                        20.7s
[?25h[1A[1A[1A[1A[1A[1A[1A[1A[1A[0G[?25l[+] Building 22.6s (11/15)                                       docker:default
[36m => [stage-1 1/4] FROM docker.io/library/alpine:latest@sha256:0a4eaa0eecf  0.0s
[0m[36m => [internal] load build context                                          0.1s
[0m[36m => => transferring context: 14.36kB                                       0.0s
[0m[36m => CACHED [build 2/6] WORKDIR /app                                        0.0s
[0m[36m => CACHED [build 3/6] COPY go.mod go.sum ./                               0.0s
[0m[36m => CACHED [build 4/6] RUN go mod download                                 0.0s
[0m[36m => [build 5/6] COPY . .                                                   0.1s
[0m => [build 6/6] RUN go build -o main ./cmd/main.go                        20.9s
[?25h[1A[1A[1A[1A[1A[1A[1A[1A[1A[0G[?25l[+] Building 22.8s (11/15)                                       docker:default
[36m => [stage-1 1/4] FROM docker.io/library/alpine:latest@sha256:0a4eaa0eecf  0.0s
[0m[36m => [internal] load build context                                          0.1s
[0m[36m => => transferring context: 14.36kB                                       0.0s
[0m[36m => CACHED [build 2/6] WORKDIR /app                                        0.0s
[0m[36m => CACHED [build 3/6] COPY go.mod go.sum ./                               0.0s
[0m[36m => CACHED [build 4/6] RUN go mod download                                 0.0s
[0m[36m => [build 5/6] COPY . .                                                   0.1s
[0m => [build 6/6] RUN go build -o main ./cmd/main.go                        21.0s
[?25h[1A[1A[1A[1A[1A[1A[1A[1A[1A[0G[?25l[+] Building 22.9s (11/15)                                       docker:default
[36m => [stage-1 1/4] FROM docker.io/library/alpine:latest@sha256:0a4eaa0eecf  0.0s
[0m[36m => [internal] load build context                                          0.1s
[0m[36m => => transferring context: 14.36kB                                       0.0s
[0m[36m => CACHED [build 2/6] WORKDIR /app                                        0.0s
[0m[36m => CACHED [build 3/6] COPY go.mod go.sum ./                               0.0s
[0m[36m => CACHED [build 4/6] RUN go mod download                                 0.0s
[0m[36m => [build 5/6] COPY . .                                                   0.1s
[0m => [build 6/6] RUN go build -o main ./cmd/main.go                        21.2s
[?25h[1A[1A[1A[1A[1A[1A[1A[1A[1A[0G[?25l[+] Building 23.1s (11/15)                                       docker:default
[36m => [stage-1 1/4] FROM docker.io/library/alpine:latest@sha256:0a4eaa0eecf  0.0s
[0m[36m => [internal] load build context                                          0.1s
[0m[36m => => transferring context: 14.36kB                                       0.0s
[0m[36m => CACHED [build 2/6] WORKDIR /app                                        0.0s
[0m[36m => CACHED [build 3/6] COPY go.mod go.sum ./                               0.0s
[0m[36m => CACHED [build 4/6] RUN go mod download                                 0.0s
[0m[36m => [build 5/6] COPY . .                                                   0.1s
[0m => [build 6/6] RUN go build -o main ./cmd/main.go                        21.3s
[?25h[1A[1A[1A[1A[1A[1A[1A[1A[1A[0G[?25l[+] Building 23.3s (11/15)                                       docker:default
[36m => [stage-1 1/4] FROM docker.io/library/alpine:latest@sha256:0a4eaa0eecf  0.0s
[0m[36m => [internal] load build context                                          0.1s
[0m[36m => => transferring context: 14.36kB                                       0.0s
[0m[36m => CACHED [build 2/6] WORKDIR /app                                        0.0s
[0m[36m => CACHED [build 3/6] COPY go.mod go.sum ./                               0.0s
[0m[36m => CACHED [build 4/6] RUN go mod download                                 0.0s
[0m[36m => [build 5/6] COPY . .                                                   0.1s
[0m => [build 6/6] RUN go build -o main ./cmd/main.go                        21.5s
[?25h[1A[1A[1A[1A[1A[1A[1A[1A[1A[0G[?25l[+] Building 23.4s (11/15)                                       docker:default
[36m => [stage-1 1/4] FROM docker.io/library/alpine:latest@sha256:0a4eaa0eecf  0.0s
[0m[36m => [internal] load build context                                          0.1s
[0m[36m => => transferring context: 14.36kB                                       0.0s
[0m[36m => CACHED [build 2/6] WORKDIR /app                                        0.0s
[0m[36m => CACHED [build 3/6] COPY go.mod go.sum ./                               0.0s
[0m[36m => CACHED [build 4/6] RUN go mod download                                 0.0s
[0m[36m => [build 5/6] COPY . .                                                   0.1s
[0m => [build 6/6] RUN go build -o main ./cmd/main.go                        21.6s
[?25h[1A[1A[1A[1A[1A[1A[1A[1A[1A[0G[?25l[+] Building 23.5s (11/15)                                       docker:default
[36m => [stage-1 1/4] FROM docker.io/library/alpine:latest@sha256:0a4eaa0eecf  0.0s
[0m[36m => [internal] load build context                                          0.1s
[0m[36m => => transferring context: 14.36kB                                       0.0s
[0m[36m => CACHED [build 2/6] WORKDIR /app                                        0.0s
[0m[36m => CACHED [build 3/6] COPY go.mod go.sum ./                               0.0s
[0m[36m => CACHED [build 4/6] RUN go mod download                                 0.0s
[0m[36m => [build 5/6] COPY . .                                                   0.1s
[0m => [build 6/6] RUN go build -o main ./cmd/main.go                        21.8s
[?25h[1A[1A[1A[1A[1A[1A[1A[1A[1A[0G[?25l[+] Building 23.7s (11/15)                                       docker:default
[36m => [stage-1 1/4] FROM docker.io/library/alpine:latest@sha256:0a4eaa0eecf  0.0s
[0m[36m => [internal] load build context                                          0.1s
[0m[36m => => transferring context: 14.36kB                                       0.0s
[0m[36m => CACHED [build 2/6] WORKDIR /app                                        0.0s
[0m[36m => CACHED [build 3/6] COPY go.mod go.sum ./                               0.0s
[0m[36m => CACHED [build 4/6] RUN go mod download                                 0.0s
[0m[36m => [build 5/6] COPY . .                                                   0.1s
[0m => [build 6/6] RUN go build -o main ./cmd/main.go                        21.9s
[?25h[1A[1A[1A[1A[1A[1A[1A[1A[1A[0G[?25l[+] Building 23.8s (11/15)                                       docker:default
[36m => [stage-1 1/4] FROM docker.io/library/alpine:latest@sha256:0a4eaa0eecf  0.0s
[0m[36m => [internal] load build context                                          0.1s
[0m[36m => => transferring context: 14.36kB                                       0.0s
[0m[36m => CACHED [build 2/6] WORKDIR /app                                        0.0s
[0m[36m => CACHED [build 3/6] COPY go.mod go.sum ./                               0.0s
[0m[36m => CACHED [build 4/6] RUN go mod download                                 0.0s
[0m[36m => [build 5/6] COPY . .                                                   0.1s
[0m => [build 6/6] RUN go build -o main ./cmd/main.go                        22.1s
[?25h[1A[1A[1A[1A[1A[1A[1A[1A[1A[0G[?25l[+] Building 24.0s (11/15)                                       docker:default
[36m => [stage-1 1/4] FROM docker.io/library/alpine:latest@sha256:0a4eaa0eecf  0.0s
[0m[36m => [internal] load build context                                          0.1s
[0m[36m => => transferring context: 14.36kB                                       0.0s
[0m[36m => CACHED [build 2/6] WORKDIR /app                                        0.0s
[0m[36m => CACHED [build 3/6] COPY go.mod go.sum ./                               0.0s
[0m[36m => CACHED [build 4/6] RUN go mod download                                 0.0s
[0m[36m => [build 5/6] COPY . .                                                   0.1s
[0m => [build 6/6] RUN go build -o main ./cmd/main.go                        22.2s
[?25h[1A[1A[1A[1A[1A[1A[1A[1A[1A[0G[?25l[+] Building 24.2s (11/15)                                       docker:default
[36m => [stage-1 1/4] FROM docker.io/library/alpine:latest@sha256:0a4eaa0eecf  0.0s
[0m[36m => [internal] load build context                                          0.1s
[0m[36m => => transferring context: 14.36kB                                       0.0s
[0m[36m => CACHED [build 2/6] WORKDIR /app                                        0.0s
[0m[36m => CACHED [build 3/6] COPY go.mod go.sum ./                               0.0s
[0m[36m => CACHED [build 4/6] RUN go mod download                                 0.0s
[0m[36m => [build 5/6] COPY . .                                                   0.1s
[0m => [build 6/6] RUN go build -o main ./cmd/main.go                        22.4s
[?25h[1A[1A[1A[1A[1A[1A[1A[1A[1A[0G[?25l[+] Building 24.3s (11/15)                                       docker:default
[36m => [stage-1 1/4] FROM docker.io/library/alpine:latest@sha256:0a4eaa0eecf  0.0s
[0m[36m => [internal] load build context                                          0.1s
[0m[36m => => transferring context: 14.36kB                                       0.0s
[0m[36m => CACHED [build 2/6] WORKDIR /app                                        0.0s
[0m[36m => CACHED [build 3/6] COPY go.mod go.sum ./                               0.0s
[0m[36m => CACHED [build 4/6] RUN go mod download                                 0.0s
[0m[36m => [build 5/6] COPY . .                                                   0.1s
[0m => [build 6/6] RUN go build -o main ./cmd/main.go                        22.5s
[?25h[1A[1A[1A[1A[1A[1A[1A[1A[1A[0G[?25l[+] Building 24.4s (11/15)                                       docker:default
[36m => [stage-1 1/4] FROM docker.io/library/alpine:latest@sha256:0a4eaa0eecf  0.0s
[0m[36m => [internal] load build context                                          0.1s
[0m[36m => => transferring context: 14.36kB                                       0.0s
[0m[36m => CACHED [build 2/6] WORKDIR /app                                        0.0s
[0m[36m => CACHED [build 3/6] COPY go.mod go.sum ./                               0.0s
[0m[36m => CACHED [build 4/6] RUN go mod download                                 0.0s
[0m[36m => [build 5/6] COPY . .                                                   0.1s
[0m => [build 6/6] RUN go build -o main ./cmd/main.go                        22.7s
[?25h[1A[1A[1A[1A[1A[1A[1A[1A[1A[0G[?25l[+] Building 24.6s (11/15)                                       docker:default
[36m => [stage-1 1/4] FROM docker.io/library/alpine:latest@sha256:0a4eaa0eecf  0.0s
[0m[36m => [internal] load build context                                          0.1s
[0m[36m => => transferring context: 14.36kB                                       0.0s
[0m[36m => CACHED [build 2/6] WORKDIR /app                                        0.0s
[0m[36m => CACHED [build 3/6] COPY go.mod go.sum ./                               0.0s
[0m[36m => CACHED [build 4/6] RUN go mod download                                 0.0s
[0m[36m => [build 5/6] COPY . .                                                   0.1s
[0m => [build 6/6] RUN go build -o main ./cmd/main.go                        22.8s
[?25h[1A[1A[1A[1A[1A[1A[1A[1A[1A[0G[?25l[+] Building 24.7s (11/15)                                       docker:default
[36m => [stage-1 1/4] FROM docker.io/library/alpine:latest@sha256:0a4eaa0eecf  0.0s
[0m[36m => [internal] load build context                                          0.1s
[0m[36m => => transferring context: 14.36kB                                       0.0s
[0m[36m => CACHED [build 2/6] WORKDIR /app                                        0.0s
[0m[36m => CACHED [build 3/6] COPY go.mod go.sum ./                               0.0s
[0m[36m => CACHED [build 4/6] RUN go mod download                                 0.0s
[0m[36m => [build 5/6] COPY . .                                                   0.1s
[0m => [build 6/6] RUN go build -o main ./cmd/main.go                        23.0s
[?25h[1A[1A[1A[1A[1A[1A[1A[1A[1A[0G[?25l[+] Building 24.9s (11/15)                                       docker:default
[36m => [stage-1 1/4] FROM docker.io/library/alpine:latest@sha256:0a4eaa0eecf  0.0s
[0m[36m => [internal] load build context                                          0.1s
[0m[36m => => transferring context: 14.36kB                                       0.0s
[0m[36m => CACHED [build 2/6] WORKDIR /app                                        0.0s
[0m[36m => CACHED [build 3/6] COPY go.mod go.sum ./                               0.0s
[0m[36m => CACHED [build 4/6] RUN go mod download                                 0.0s
[0m[36m => [build 5/6] COPY . .                                                   0.1s
[0m => [build 6/6] RUN go build -o main ./cmd/main.go                        23.1s
[?25h[1A[1A[1A[1A[1A[1A[1A[1A[1A[0G[?25l[+] Building 25.0s (11/15)                                       docker:default
[36m => [stage-1 1/4] FROM docker.io/library/alpine:latest@sha256:0a4eaa0eecf  0.0s
[0m[36m => [internal] load build context                                          0.1s
[0m[36m => => transferring context: 14.36kB                                       0.0s
[0m[36m => CACHED [build 2/6] WORKDIR /app                                        0.0s
[0m[36m => CACHED [build 3/6] COPY go.mod go.sum ./                               0.0s
[0m[36m => CACHED [build 4/6] RUN go mod download                                 0.0s
[0m[36m => [build 5/6] COPY . .                                                   0.1s
[0m => [build 6/6] RUN go build -o main ./cmd/main.go                        23.3s
[?25h[1A[1A[1A[1A[1A[1A[1A[1A[1A[0G[?25l[+] Building 25.3s (11/15)                                       docker:default
[36m => [stage-1 1/4] FROM docker.io/library/alpine:latest@sha256:0a4eaa0eecf  0.0s
[0m[36m => [internal] load build context                                          0.1s
[0m[36m => => transferring context: 14.36kB                                       0.0s
[0m[36m => CACHED [build 2/6] WORKDIR /app                                        0.0s
[0m[36m => CACHED [build 3/6] COPY go.mod go.sum ./                               0.0s
[0m[36m => CACHED [build 4/6] RUN go mod download                                 0.0s
[0m[36m => [build 5/6] COPY . .                                                   0.1s
[0m => [build 6/6] RUN go build -o main ./cmd/main.go                        23.6s
[?25h[1A[1A[1A[1A[1A[1A[1A[1A[1A[0G[?25l[+] Building 25.3s (11/15)                                       docker:default
[36m => [stage-1 1/4] FROM docker.io/library/alpine:latest@sha256:0a4eaa0eecf  0.0s
[0m[36m => [internal] load build context                                          0.1s
[0m[36m => => transferring context: 14.36kB                                       0.0s
[0m[36m => CACHED [build 2/6] WORKDIR /app                                        0.0s
[0m[36m => CACHED [build 3/6] COPY go.mod go.sum ./                               0.0s
[0m[36m => CACHED [build 4/6] RUN go mod download                                 0.0s
[0m[36m => [build 5/6] COPY . .                                                   0.1s
[0m => [build 6/6] RUN go build -o main ./cmd/main.go                        23.6s
[?25h[1A[1A[1A[1A[1A[1A[1A[1A[1A[0G[?25l[+] Building 25.5s (11/15)                                       docker:default
[36m => [stage-1 1/4] FROM docker.io/library/alpine:latest@sha256:0a4eaa0eecf  0.0s
[0m[36m => [internal] load build context                                          0.1s
[0m[36m => => transferring context: 14.36kB                                       0.0s
[0m[36m => CACHED [build 2/6] WORKDIR /app                                        0.0s
[0m[36m => CACHED [build 3/6] COPY go.mod go.sum ./                               0.0s
[0m[36m => CACHED [build 4/6] RUN go mod download                                 0.0s
[0m[36m => [build 5/6] COPY . .                                                   0.1s
[0m => [build 6/6] RUN go build -o main ./cmd/main.go                        23.7s
[?25h[1A[1A[1A[1A[1A[1A[1A[1A[1A[0G[?25l[+] Building 25.6s (11/15)                                       docker:default
[36m => [stage-1 1/4] FROM docker.io/library/alpine:latest@sha256:0a4eaa0eecf  0.0s
[0m[36m => [internal] load build context                                          0.1s
[0m[36m => => transferring context: 14.36kB                                       0.0s
[0m[36m => CACHED [build 2/6] WORKDIR /app                                        0.0s
[0m[36m => CACHED [build 3/6] COPY go.mod go.sum ./                               0.0s
[0m[36m => CACHED [build 4/6] RUN go mod download                                 0.0s
[0m[36m => [build 5/6] COPY . .                                                   0.1s
[0m => [build 6/6] RUN go build -o main ./cmd/main.go                        23.9s
[?25h[1A[1A[1A[1A[1A[1A[1A[1A[1A[0G[?25l[+] Building 25.8s (11/15)                                       docker:default
[36m => [stage-1 1/4] FROM docker.io/library/alpine:latest@sha256:0a4eaa0eecf  0.0s
[0m[36m => [internal] load build context                                          0.1s
[0m[36m => => transferring context: 14.36kB                                       0.0s
[0m[36m => CACHED [build 2/6] WORKDIR /app                                        0.0s
[0m[36m => CACHED [build 3/6] COPY go.mod go.sum ./                               0.0s
[0m[36m => CACHED [build 4/6] RUN go mod download                                 0.0s
[0m[36m => [build 5/6] COPY . .                                                   0.1s
[0m => [build 6/6] RUN go build -o main ./cmd/main.go                        24.0s
[?25h[1A[1A[1A[1A[1A[1A[1A[1A[1A[0G[?25l[+] Building 25.9s (11/15)                                       docker:default
[36m => [stage-1 1/4] FROM docker.io/library/alpine:latest@sha256:0a4eaa0eecf  0.0s
[0m[36m => [internal] load build context                                          0.1s
[0m[36m => => transferring context: 14.36kB                                       0.0s
[0m[36m => CACHED [build 2/6] WORKDIR /app                                        0.0s
[0m[36m => CACHED [build 3/6] COPY go.mod go.sum ./                               0.0s
[0m[36m => CACHED [build 4/6] RUN go mod download                                 0.0s
[0m[36m => [build 5/6] COPY . .                                                   0.1s
[0m => [build 6/6] RUN go build -o main ./cmd/main.go                        24.2s
[?25h[1A[1A[1A[1A[1A[1A[1A[1A[1A[0G[?25l[+] Building 26.1s (11/15)                                       docker:default
[36m => [stage-1 1/4] FROM docker.io/library/alpine:latest@sha256:0a4eaa0eecf  0.0s
[0m[36m => [internal] load build context                                          0.1s
[0m[36m => => transferring context: 14.36kB                                       0.0s
[0m[36m => CACHED [build 2/6] WORKDIR /app                                        0.0s
[0m[36m => CACHED [build 3/6] COPY go.mod go.sum ./                               0.0s
[0m[36m => CACHED [build 4/6] RUN go mod download                                 0.0s
[0m[36m => [build 5/6] COPY . .                                                   0.1s
[0m => [build 6/6] RUN go build -o main ./cmd/main.go                        24.3s
[?25h[1A[1A[1A[1A[1A[1A[1A[1A[1A[0G[?25l[+] Building 26.2s (11/15)                                       docker:default
[36m => [stage-1 1/4] FROM docker.io/library/alpine:latest@sha256:0a4eaa0eecf  0.0s
[0m[36m => [internal] load build context                                          0.1s
[0m[36m => => transferring context: 14.36kB                                       0.0s
[0m[36m => CACHED [build 2/6] WORKDIR /app                                        0.0s
[0m[36m => CACHED [build 3/6] COPY go.mod go.sum ./                               0.0s
[0m[36m => CACHED [build 4/6] RUN go mod download                                 0.0s
[0m[36m => [build 5/6] COPY . .                                                   0.1s
[0m => [build 6/6] RUN go build -o main ./cmd/main.go                        24.5s
[?25h[1A[1A[1A[1A[1A[1A[1A[1A[1A[0G[?25l[+] Building 26.4s (11/15)                                       docker:default
[36m => [stage-1 1/4] FROM docker.io/library/alpine:latest@sha256:0a4eaa0eecf  0.0s
[0m[36m => [internal] load build context                                          0.1s
[0m[36m => => transferring context: 14.36kB                                       0.0s
[0m[36m => CACHED [build 2/6] WORKDIR /app                                        0.0s
[0m[36m => CACHED [build 3/6] COPY go.mod go.sum ./                               0.0s
[0m[36m => CACHED [build 4/6] RUN go mod download                                 0.0s
[0m[36m => [build 5/6] COPY . .                                                   0.1s
[0m => [build 6/6] RUN go build -o main ./cmd/main.go                        24.6s
[?25h[1A[1A[1A[1A[1A[1A[1A[1A[1A[0G[?25l[+] Building 26.5s (11/15)                                       docker:default
[36m => [stage-1 1/4] FROM docker.io/library/alpine:latest@sha256:0a4eaa0eecf  0.0s
[0m[36m => [internal] load build context                                          0.1s
[0m[36m => => transferring context: 14.36kB                                       0.0s
[0m[36m => CACHED [build 2/6] WORKDIR /app                                        0.0s
[0m[36m => CACHED [build 3/6] COPY go.mod go.sum ./                               0.0s
[0m[36m => CACHED [build 4/6] RUN go mod download                                 0.0s
[0m[36m => [build 5/6] COPY . .                                                   0.1s
[0m => [build 6/6] RUN go build -o main ./cmd/main.go                        24.8s
[?25h[1A[1A[1A[1A[1A[1A[1A[1A[1A[0G[?25l[+] Building 26.7s (11/15)                                       docker:default
[36m => [stage-1 1/4] FROM docker.io/library/alpine:latest@sha256:0a4eaa0eecf  0.0s
[0m[36m => [internal] load build context                                          0.1s
[0m[36m => => transferring context: 14.36kB                                       0.0s
[0m[36m => CACHED [build 2/6] WORKDIR /app                                        0.0s
[0m[36m => CACHED [build 3/6] COPY go.mod go.sum ./                               0.0s
[0m[36m => CACHED [build 4/6] RUN go mod download                                 0.0s
[0m[36m => [build 5/6] COPY . .                                                   0.1s
[0m => [build 6/6] RUN go build -o main ./cmd/main.go                        24.9s
[?25h[1A[1A[1A[1A[1A[1A[1A[1A[1A[0G[?25l[+] Building 26.8s (11/15)                                       docker:default
[36m => [stage-1 1/4] FROM docker.io/library/alpine:latest@sha256:0a4eaa0eecf  0.0s
[0m[36m => [internal] load build context                                          0.1s
[0m[36m => => transferring context: 14.36kB                                       0.0s
[0m[36m => CACHED [build 2/6] WORKDIR /app                                        0.0s
[0m[36m => CACHED [build 3/6] COPY go.mod go.sum ./                               0.0s
[0m[36m => CACHED [build 4/6] RUN go mod download                                 0.0s
[0m[36m => [build 5/6] COPY . .                                                   0.1s
[0m => [build 6/6] RUN go build -o main ./cmd/main.go                        25.1s
[?25h[1A[1A[1A[1A[1A[1A[1A[1A[1A[0G[?25l[+] Building 27.0s (11/15)                                       docker:default
[36m => [stage-1 1/4] FROM docker.io/library/alpine:latest@sha256:0a4eaa0eecf  0.0s
[0m[36m => [internal] load build context                                          0.1s
[0m[36m => => transferring context: 14.36kB                                       0.0s
[0m[36m => CACHED [build 2/6] WORKDIR /app                                        0.0s
[0m[36m => CACHED [build 3/6] COPY go.mod go.sum ./                               0.0s
[0m[36m => CACHED [build 4/6] RUN go mod download                                 0.0s
[0m[36m => [build 5/6] COPY . .                                                   0.1s
[0m => [build 6/6] RUN go build -o main ./cmd/main.go                        25.2s
[?25h[1A[1A[1A[1A[1A[1A[1A[1A[1A[0G[?25l[+] Building 27.1s (11/15)                                       docker:default
[36m => [stage-1 1/4] FROM docker.io/library/alpine:latest@sha256:0a4eaa0eecf  0.0s
[0m[36m => [internal] load build context                                          0.1s
[0m[36m => => transferring context: 14.36kB                                       0.0s
[0m[36m => CACHED [build 2/6] WORKDIR /app                                        0.0s
[0m[36m => CACHED [build 3/6] COPY go.mod go.sum ./                               0.0s
[0m[36m => CACHED [build 4/6] RUN go mod download                                 0.0s
[0m[36m => [build 5/6] COPY . .                                                   0.1s
[0m => [build 6/6] RUN go build -o main ./cmd/main.go                        25.4s
[?25h[1A[1A[1A[1A[1A[1A[1A[1A[1A[0G[?25l[+] Building 27.3s (11/15)                                       docker:default
[36m => [stage-1 1/4] FROM docker.io/library/alpine:latest@sha256:0a4eaa0eecf  0.0s
[0m[36m => [internal] load build context                                          0.1s
[0m[36m => => transferring context: 14.36kB                                       0.0s
[0m[36m => CACHED [build 2/6] WORKDIR /app                                        0.0s
[0m[36m => CACHED [build 3/6] COPY go.mod go.sum ./                               0.0s
[0m[36m => CACHED [build 4/6] RUN go mod download                                 0.0s
[0m[36m => [build 5/6] COPY . .                                                   0.1s
[0m => [build 6/6] RUN go build -o main ./cmd/main.go                        25.5s
[?25h[1A[1A[1A[1A[1A[1A[1A[1A[1A[0G[?25l[+] Building 27.4s (11/15)                                       docker:default
[36m => [stage-1 1/4] FROM docker.io/library/alpine:latest@sha256:0a4eaa0eecf  0.0s
[0m[36m => [internal] load build context                                          0.1s
[0m[36m => => transferring context: 14.36kB                                       0.0s
[0m[36m => CACHED [build 2/6] WORKDIR /app                                        0.0s
[0m[36m => CACHED [build 3/6] COPY go.mod go.sum ./                               0.0s
[0m[36m => CACHED [build 4/6] RUN go mod download                                 0.0s
[0m[36m => [build 5/6] COPY . .                                                   0.1s
[0m => [build 6/6] RUN go build -o main ./cmd/main.go                        25.7s
[?25h[1A[1A[1A[1A[1A[1A[1A[1A[1A[0G[?25l[+] Building 27.6s (11/15)                                       docker:default
[36m => [stage-1 1/4] FROM docker.io/library/alpine:latest@sha256:0a4eaa0eecf  0.0s
[0m[36m => [internal] load build context                                          0.1s
[0m[36m => => transferring context: 14.36kB                                       0.0s
[0m[36m => CACHED [build 2/6] WORKDIR /app                                        0.0s
[0m[36m => CACHED [build 3/6] COPY go.mod go.sum ./                               0.0s
[0m[36m => CACHED [build 4/6] RUN go mod download                                 0.0s
[0m[36m => [build 5/6] COPY . .                                                   0.1s
[0m => [build 6/6] RUN go build -o main ./cmd/main.go                        25.8s
[?25h[1A[1A[1A[1A[1A[1A[1A[1A[1A[0G[?25l[+] Building 27.7s (11/15)                                       docker:default
[36m => [stage-1 1/4] FROM docker.io/library/alpine:latest@sha256:0a4eaa0eecf  0.0s
[0m[36m => [internal] load build context                                          0.1s
[0m[36m => => transferring context: 14.36kB                                       0.0s
[0m[36m => CACHED [build 2/6] WORKDIR /app                                        0.0s
[0m[36m => CACHED [build 3/6] COPY go.mod go.sum ./                               0.0s
[0m[36m => CACHED [build 4/6] RUN go mod download                                 0.0s
[0m[36m => [build 5/6] COPY . .                                                   0.1s
[0m => [build 6/6] RUN go build -o main ./cmd/main.go                        26.0s
[?25h[1A[1A[1A[1A[1A[1A[1A[1A[1A[0G[?25l[+] Building 27.9s (11/15)                                       docker:default
[36m => [stage-1 1/4] FROM docker.io/library/alpine:latest@sha256:0a4eaa0eecf  0.0s
[0m[36m => [internal] load build context                                          0.1s
[0m[36m => => transferring context: 14.36kB                                       0.0s
[0m[36m => CACHED [build 2/6] WORKDIR /app                                        0.0s
[0m[36m => CACHED [build 3/6] COPY go.mod go.sum ./                               0.0s
[0m[36m => CACHED [build 4/6] RUN go mod download                                 0.0s
[0m[36m => [build 5/6] COPY . .                                                   0.1s
[0m => [build 6/6] RUN go build -o main ./cmd/main.go                        26.1s
[?25h[1A[1A[1A[1A[1A[1A[1A[1A[1A[0G[?25l[+] Building 28.0s (11/15)                                       docker:default
[36m => [stage-1 1/4] FROM docker.io/library/alpine:latest@sha256:0a4eaa0eecf  0.0s
[0m[36m => [internal] load build context                                          0.1s
[0m[36m => => transferring context: 14.36kB                                       0.0s
[0m[36m => CACHED [build 2/6] WORKDIR /app                                        0.0s
[0m[36m => CACHED [build 3/6] COPY go.mod go.sum ./                               0.0s
[0m[36m => CACHED [build 4/6] RUN go mod download                                 0.0s
[0m[36m => [build 5/6] COPY . .                                                   0.1s
[0m => [build 6/6] RUN go build -o main ./cmd/main.go                        26.3s
[?25h[1A[1A[1A[1A[1A[1A[1A[1A[1A[0G[?25l[+] Building 28.2s (11/15)                                       docker:default
[36m => [stage-1 1/4] FROM docker.io/library/alpine:latest@sha256:0a4eaa0eecf  0.0s
[0m[36m => [internal] load build context                                          0.1s
[0m[36m => => transferring context: 14.36kB                                       0.0s
[0m[36m => CACHED [build 2/6] WORKDIR /app                                        0.0s
[0m[36m => CACHED [build 3/6] COPY go.mod go.sum ./                               0.0s
[0m[36m => CACHED [build 4/6] RUN go mod download                                 0.0s
[0m[36m => [build 5/6] COPY . .                                                   0.1s
[0m => [build 6/6] RUN go build -o main ./cmd/main.go                        26.4s
[?25h[1A[1A[1A[1A[1A[1A[1A[1A[1A[0G[?25l[+] Building 28.3s (11/15)                                       docker:default
[36m => [stage-1 1/4] FROM docker.io/library/alpine:latest@sha256:0a4eaa0eecf  0.0s
[0m[36m => [internal] load build context                                          0.1s
[0m[36m => => transferring context: 14.36kB                                       0.0s
[0m[36m => CACHED [build 2/6] WORKDIR /app                                        0.0s
[0m[36m => CACHED [build 3/6] COPY go.mod go.sum ./                               0.0s
[0m[36m => CACHED [build 4/6] RUN go mod download                                 0.0s
[0m[36m => [build 5/6] COPY . .                                                   0.1s
[0m => [build 6/6] RUN go build -o main ./cmd/main.go                        26.6s
[?25h[1A[1A[1A[1A[1A[1A[1A[1A[1A[0G[?25l[+] Building 28.5s (11/15)                                       docker:default
[36m => [stage-1 1/4] FROM docker.io/library/alpine:latest@sha256:0a4eaa0eecf  0.0s
[0m[36m => [internal] load build context                                          0.1s
[0m[36m => => transferring context: 14.36kB                                       0.0s
[0m[36m => CACHED [build 2/6] WORKDIR /app                                        0.0s
[0m[36m => CACHED [build 3/6] COPY go.mod go.sum ./                               0.0s
[0m[36m => CACHED [build 4/6] RUN go mod download                                 0.0s
[0m[36m => [build 5/6] COPY . .                                                   0.1s
[0m => [build 6/6] RUN go build -o main ./cmd/main.go                        26.7s
[?25h[1A[1A[1A[1A[1A[1A[1A[1A[1A[0G[?25l[+] Building 28.6s (11/15)                                       docker:default
[36m => [stage-1 1/4] FROM docker.io/library/alpine:latest@sha256:0a4eaa0eecf  0.0s
[0m[36m => [internal] load build context                                          0.1s
[0m[36m => => transferring context: 14.36kB                                       0.0s
[0m[36m => CACHED [build 2/6] WORKDIR /app                                        0.0s
[0m[36m => CACHED [build 3/6] COPY go.mod go.sum ./                               0.0s
[0m[36m => CACHED [build 4/6] RUN go mod download                                 0.0s
[0m[36m => [build 5/6] COPY . .                                                   0.1s
[0m => [build 6/6] RUN go build -o main ./cmd/main.go                        26.9s
[?25h[1A[1A[1A[1A[1A[1A[1A[1A[1A[0G[?25l[+] Building 28.8s (11/15)                                       docker:default
[36m => [stage-1 1/4] FROM docker.io/library/alpine:latest@sha256:0a4eaa0eecf  0.0s
[0m[36m => [internal] load build context                                          0.1s
[0m[36m => => transferring context: 14.36kB                                       0.0s
[0m[36m => CACHED [build 2/6] WORKDIR /app                                        0.0s
[0m[36m => CACHED [build 3/6] COPY go.mod go.sum ./                               0.0s
[0m[36m => CACHED [build 4/6] RUN go mod download                                 0.0s
[0m[36m => [build 5/6] COPY . .                                                   0.1s
[0m => [build 6/6] RUN go build -o main ./cmd/main.go                        27.0s
[?25h[1A[1A[1A[1A[1A[1A[1A[1A[1A[0G[?25l[+] Building 28.9s (11/15)                                       docker:default
[36m => [stage-1 1/4] FROM docker.io/library/alpine:latest@sha256:0a4eaa0eecf  0.0s
[0m[36m => [internal] load build context                                          0.1s
[0m[36m => => transferring context: 14.36kB                                       0.0s
[0m[36m => CACHED [build 2/6] WORKDIR /app                                        0.0s
[0m[36m => CACHED [build 3/6] COPY go.mod go.sum ./                               0.0s
[0m[36m => CACHED [build 4/6] RUN go mod download                                 0.0s
[0m[36m => [build 5/6] COPY . .                                                   0.1s
[0m => [build 6/6] RUN go build -o main ./cmd/main.go                        27.2s
[?25h[1A[1A[1A[1A[1A[1A[1A[1A[1A[0G[?25l[+] Building 29.1s (11/15)                                       docker:default
[36m => [stage-1 1/4] FROM docker.io/library/alpine:latest@sha256:0a4eaa0eecf  0.0s
[0m[36m => [internal] load build context                                          0.1s
[0m[36m => => transferring context: 14.36kB                                       0.0s
[0m[36m => CACHED [build 2/6] WORKDIR /app                                        0.0s
[0m[36m => CACHED [build 3/6] COPY go.mod go.sum ./                               0.0s
[0m[36m => CACHED [build 4/6] RUN go mod download                                 0.0s
[0m[36m => [build 5/6] COPY . .                                                   0.1s
[0m => [build 6/6] RUN go build -o main ./cmd/main.go                        27.3s
[?25h[1A[1A[1A[1A[1A[1A[1A[1A[1A[0G[?25l[+] Building 29.2s (11/15)                                       docker:default
[36m => [stage-1 1/4] FROM docker.io/library/alpine:latest@sha256:0a4eaa0eecf  0.0s
[0m[36m => [internal] load build context                                          0.1s
[0m[36m => => transferring context: 14.36kB                                       0.0s
[0m[36m => CACHED [build 2/6] WORKDIR /app                                        0.0s
[0m[36m => CACHED [build 3/6] COPY go.mod go.sum ./                               0.0s
[0m[36m => CACHED [build 4/6] RUN go mod download                                 0.0s
[0m[36m => [build 5/6] COPY . .                                                   0.1s
[0m => [build 6/6] RUN go build -o main ./cmd/main.go                        27.5s
[?25h[1A[1A[1A[1A[1A[1A[1A[1A[1A[0G[?25l[+] Building 29.4s (11/15)                                       docker:default
[36m => [stage-1 1/4] FROM docker.io/library/alpine:latest@sha256:0a4eaa0eecf  0.0s
[0m[36m => [internal] load build context                                          0.1s
[0m[36m => => transferring context: 14.36kB                                       0.0s
[0m[36m => CACHED [build 2/6] WORKDIR /app                                        0.0s
[0m[36m => CACHED [build 3/6] COPY go.mod go.sum ./                               0.0s
[0m[36m => CACHED [build 4/6] RUN go mod download                                 0.0s
[0m[36m => [build 5/6] COPY . .                                                   0.1s
[0m => [build 6/6] RUN go build -o main ./cmd/main.go                        27.6s
[?25h[1A[1A[1A[1A[1A[1A[1A[1A[1A[0G[?25l[+] Building 29.5s (11/15)                                       docker:default
[36m => [stage-1 1/4] FROM docker.io/library/alpine:latest@sha256:0a4eaa0eecf  0.0s
[0m[36m => [internal] load build context                                          0.1s
[0m[36m => => transferring context: 14.36kB                                       0.0s
[0m[36m => CACHED [build 2/6] WORKDIR /app                                        0.0s
[0m[36m => CACHED [build 3/6] COPY go.mod go.sum ./                               0.0s
[0m[36m => CACHED [build 4/6] RUN go mod download                                 0.0s
[0m[36m => [build 5/6] COPY . .                                                   0.1s
[0m => [build 6/6] RUN go build -o main ./cmd/main.go                        27.8s
[?25h[1A[1A[1A[1A[1A[1A[1A[1A[1A[0G[?25l[+] Building 29.7s (11/15)                                       docker:default
[36m => [stage-1 1/4] FROM docker.io/library/alpine:latest@sha256:0a4eaa0eecf  0.0s
[0m[36m => [internal] load build context                                          0.1s
[0m[36m => => transferring context: 14.36kB                                       0.0s
[0m[36m => CACHED [build 2/6] WORKDIR /app                                        0.0s
[0m[36m => CACHED [build 3/6] COPY go.mod go.sum ./                               0.0s
[0m[36m => CACHED [build 4/6] RUN go mod download                                 0.0s
[0m[36m => [build 5/6] COPY . .                                                   0.1s
[0m => [build 6/6] RUN go build -o main ./cmd/main.go                        27.9s
[?25h[1A[1A[1A[1A[1A[1A[1A[1A[1A[0G[?25l[+] Building 29.8s (11/15)                                       docker:default
[36m => [stage-1 1/4] FROM docker.io/library/alpine:latest@sha256:0a4eaa0eecf  0.0s
[0m[36m => [internal] load build context                                          0.1s
[0m[36m => => transferring context: 14.36kB                                       0.0s
[0m[36m => CACHED [build 2/6] WORKDIR /app                                        0.0s
[0m[36m => CACHED [build 3/6] COPY go.mod go.sum ./                               0.0s
[0m[36m => CACHED [build 4/6] RUN go mod download                                 0.0s
[0m[36m => [build 5/6] COPY . .                                                   0.1s
[0m => [build 6/6] RUN go build -o main ./cmd/main.go                        28.1s
[?25h[1A[1A[1A[1A[1A[1A[1A[1A[1A[0G[?25l[+] Building 30.0s (11/15)                                       docker:default
[36m => [stage-1 1/4] FROM docker.io/library/alpine:latest@sha256:0a4eaa0eecf  0.0s
[0m[36m => [internal] load build context                                          0.1s
[0m[36m => => transferring context: 14.36kB                                       0.0s
[0m[36m => CACHED [build 2/6] WORKDIR /app                                        0.0s
[0m[36m => CACHED [build 3/6] COPY go.mod go.sum ./                               0.0s
[0m[36m => CACHED [build 4/6] RUN go mod download                                 0.0s
[0m[36m => [build 5/6] COPY . .                                                   0.1s
[0m => [build 6/6] RUN go build -o main ./cmd/main.go                        28.2s
[?25h[1A[1A[1A[1A[1A[1A[1A[1A[1A[0G[?25l[+] Building 30.1s (11/15)                                       docker:default
[36m => [stage-1 1/4] FROM docker.io/library/alpine:latest@sha256:0a4eaa0eecf  0.0s
[0m[36m => [internal] load build context                                          0.1s
[0m[36m => => transferring context: 14.36kB                                       0.0s
[0m[36m => CACHED [build 2/6] WORKDIR /app                                        0.0s
[0m[36m => CACHED [build 3/6] COPY go.mod go.sum ./                               0.0s
[0m[36m => CACHED [build 4/6] RUN go mod download                                 0.0s
[0m[36m => [build 5/6] COPY . .                                                   0.1s
[0m => [build 6/6] RUN go build -o main ./cmd/main.go                        28.4s
[?25h[1A[1A[1A[1A[1A[1A[1A[1A[1A[0G[?25l[+] Building 30.3s (11/15)                                       docker:default
[36m => [stage-1 1/4] FROM docker.io/library/alpine:latest@sha256:0a4eaa0eecf  0.0s
[0m[36m => [internal] load build context                                          0.1s
[0m[36m => => transferring context: 14.36kB                                       0.0s
[0m[36m => CACHED [build 2/6] WORKDIR /app                                        0.0s
[0m[36m => CACHED [build 3/6] COPY go.mod go.sum ./                               0.0s
[0m[36m => CACHED [build 4/6] RUN go mod download                                 0.0s
[0m[36m => [build 5/6] COPY . .                                                   0.1s
[0m => [build 6/6] RUN go build -o main ./cmd/main.go                        28.5s
[?25h[1A[1A[1A[1A[1A[1A[1A[1A[1A[0G[?25l[+] Building 30.4s (11/15)                                       docker:default
[36m => [stage-1 1/4] FROM docker.io/library/alpine:latest@sha256:0a4eaa0eecf  0.0s
[0m[36m => [internal] load build context                                          0.1s
[0m[36m => => transferring context: 14.36kB                                       0.0s
[0m[36m => CACHED [build 2/6] WORKDIR /app                                        0.0s
[0m[36m => CACHED [build 3/6] COPY go.mod go.sum ./                               0.0s
[0m[36m => CACHED [build 4/6] RUN go mod download                                 0.0s
[0m[36m => [build 5/6] COPY . .                                                   0.1s
[0m => [build 6/6] RUN go build -o main ./cmd/main.go                        28.7s
[?25h[1A[1A[1A[1A[1A[1A[1A[1A[1A[0G[?25l[+] Building 30.6s (11/15)                                       docker:default
[36m => [stage-1 1/4] FROM docker.io/library/alpine:latest@sha256:0a4eaa0eecf  0.0s
[0m[36m => [internal] load build context                                          0.1s
[0m[36m => => transferring context: 14.36kB                                       0.0s
[0m[36m => CACHED [build 2/6] WORKDIR /app                                        0.0s
[0m[36m => CACHED [build 3/6] COPY go.mod go.sum ./                               0.0s
[0m[36m => CACHED [build 4/6] RUN go mod download                                 0.0s
[0m[36m => [build 5/6] COPY . .                                                   0.1s
[0m => [build 6/6] RUN go build -o main ./cmd/main.go                        28.8s
[?25h[1A[1A[1A[1A[1A[1A[1A[1A[1A[0G[?25l[+] Building 30.7s (11/15)                                       docker:default
[36m => [stage-1 1/4] FROM docker.io/library/alpine:latest@sha256:0a4eaa0eecf  0.0s
[0m[36m => [internal] load build context                                          0.1s
[0m[36m => => transferring context: 14.36kB                                       0.0s
[0m[36m => CACHED [build 2/6] WORKDIR /app                                        0.0s
[0m[36m => CACHED [build 3/6] COPY go.mod go.sum ./                               0.0s
[0m[36m => CACHED [build 4/6] RUN go mod download                                 0.0s
[0m[36m => [build 5/6] COPY . .                                                   0.1s
[0m => [build 6/6] RUN go build -o main ./cmd/main.go                        29.0s
[?25h[1A[1A[1A[1A[1A[1A[1A[1A[1A[0G[?25l[+] Building 30.9s (11/15)                                       docker:default
[36m => [stage-1 1/4] FROM docker.io/library/alpine:latest@sha256:0a4eaa0eecf  0.0s
[0m[36m => [internal] load build context                                          0.1s
[0m[36m => => transferring context: 14.36kB                                       0.0s
[0m[36m => CACHED [build 2/6] WORKDIR /app                                        0.0s
[0m[36m => CACHED [build 3/6] COPY go.mod go.sum ./                               0.0s
[0m[36m => CACHED [build 4/6] RUN go mod download                                 0.0s
[0m[36m => [build 5/6] COPY . .                                                   0.1s
[0m => [build 6/6] RUN go build -o main ./cmd/main.go                        29.1s
[?25h[1A[1A[1A[1A[1A[1A[1A[1A[1A[0G[?25l[+] Building 31.0s (11/15)                                       docker:default
[36m => [stage-1 1/4] FROM docker.io/library/alpine:latest@sha256:0a4eaa0eecf  0.0s
[0m[36m => [internal] load build context                                          0.1s
[0m[36m => => transferring context: 14.36kB                                       0.0s
[0m[36m => CACHED [build 2/6] WORKDIR /app                                        0.0s
[0m[36m => CACHED [build 3/6] COPY go.mod go.sum ./                               0.0s
[0m[36m => CACHED [build 4/6] RUN go mod download                                 0.0s
[0m[36m => [build 5/6] COPY . .                                                   0.1s
[0m => [build 6/6] RUN go build -o main ./cmd/main.go                        29.3s
[?25h[1A[1A[1A[1A[1A[1A[1A[1A[1A[0G[?25l[+] Building 31.2s (11/15)                                       docker:default
[36m => [stage-1 1/4] FROM docker.io/library/alpine:latest@sha256:0a4eaa0eecf  0.0s
[0m[36m => [internal] load build context                                          0.1s
[0m[36m => => transferring context: 14.36kB                                       0.0s
[0m[36m => CACHED [build 2/6] WORKDIR /app                                        0.0s
[0m[36m => CACHED [build 3/6] COPY go.mod go.sum ./                               0.0s
[0m[36m => CACHED [build 4/6] RUN go mod download                                 0.0s
[0m[36m => [build 5/6] COPY . .                                                   0.1s
[0m => [build 6/6] RUN go build -o main ./cmd/main.go                        29.4s
[?25h[1A[1A[1A[1A[1A[1A[1A[1A[1A[0G[?25l[+] Building 31.3s (11/15)                                       docker:default
[36m => [stage-1 1/4] FROM docker.io/library/alpine:latest@sha256:0a4eaa0eecf  0.0s
[0m[36m => [internal] load build context                                          0.1s
[0m[36m => => transferring context: 14.36kB                                       0.0s
[0m[36m => CACHED [build 2/6] WORKDIR /app                                        0.0s
[0m[36m => CACHED [build 3/6] COPY go.mod go.sum ./                               0.0s
[0m[36m => CACHED [build 4/6] RUN go mod download                                 0.0s
[0m[36m => [build 5/6] COPY . .                                                   0.1s
[0m => [build 6/6] RUN go build -o main ./cmd/main.go                        29.6s
[?25h[1A[1A[1A[1A[1A[1A[1A[1A[1A[0G[?25l[+] Building 31.5s (11/15)                                       docker:default
[36m => [stage-1 1/4] FROM docker.io/library/alpine:latest@sha256:0a4eaa0eecf  0.0s
[0m[36m => [internal] load build context                                          0.1s
[0m[36m => => transferring context: 14.36kB                                       0.0s
[0m[36m => CACHED [build 2/6] WORKDIR /app                                        0.0s
[0m[36m => CACHED [build 3/6] COPY go.mod go.sum ./                               0.0s
[0m[36m => CACHED [build 4/6] RUN go mod download                                 0.0s
[0m[36m => [build 5/6] COPY . .                                                   0.1s
[0m => [build 6/6] RUN go build -o main ./cmd/main.go                        29.7s
[?25h[1A[1A[1A[1A[1A[1A[1A[1A[1A[0G[?25l[+] Building 31.6s (11/15)                                       docker:default
[36m => [stage-1 1/4] FROM docker.io/library/alpine:latest@sha256:0a4eaa0eecf  0.0s
[0m[36m => [internal] load build context                                          0.1s
[0m[36m => => transferring context: 14.36kB                                       0.0s
[0m[36m => CACHED [build 2/6] WORKDIR /app                                        0.0s
[0m[36m => CACHED [build 3/6] COPY go.mod go.sum ./                               0.0s
[0m[36m => CACHED [build 4/6] RUN go mod download                                 0.0s
[0m[36m => [build 5/6] COPY . .                                                   0.1s
[0m => [build 6/6] RUN go build -o main ./cmd/main.go                        29.9s
[?25h[1A[1A[1A[1A[1A[1A[1A[1A[1A[0G[?25l[+] Building 31.8s (11/15)                                       docker:default
[36m => [stage-1 1/4] FROM docker.io/library/alpine:latest@sha256:0a4eaa0eecf  0.0s
[0m[36m => [internal] load build context                                          0.1s
[0m[36m => => transferring context: 14.36kB                                       0.0s
[0m[36m => CACHED [build 2/6] WORKDIR /app                                        0.0s
[0m[36m => CACHED [build 3/6] COPY go.mod go.sum ./                               0.0s
[0m[36m => CACHED [build 4/6] RUN go mod download                                 0.0s
[0m[36m => [build 5/6] COPY . .                                                   0.1s
[0m => [build 6/6] RUN go build -o main ./cmd/main.go                        30.0s
[?25h[1A[1A[1A[1A[1A[1A[1A[1A[1A[0G[?25l[+] Building 31.9s (11/15)                                       docker:default
[36m => [stage-1 1/4] FROM docker.io/library/alpine:latest@sha256:0a4eaa0eecf  0.0s
[0m[36m => [internal] load build context                                          0.1s
[0m[36m => => transferring context: 14.36kB                                       0.0s
[0m[36m => CACHED [build 2/6] WORKDIR /app                                        0.0s
[0m[36m => CACHED [build 3/6] COPY go.mod go.sum ./                               0.0s
[0m[36m => CACHED [build 4/6] RUN go mod download                                 0.0s
[0m[36m => [build 5/6] COPY . .                                                   0.1s
[0m => [build 6/6] RUN go build -o main ./cmd/main.go                        30.2s
[?25h[1A[1A[1A[1A[1A[1A[1A[1A[1A[0G[?25l[+] Building 32.1s (11/15)                                       docker:default
[36m => [stage-1 1/4] FROM docker.io/library/alpine:latest@sha256:0a4eaa0eecf  0.0s
[0m[36m => [internal] load build context                                          0.1s
[0m[36m => => transferring context: 14.36kB                                       0.0s
[0m[36m => CACHED [build 2/6] WORKDIR /app                                        0.0s
[0m[36m => CACHED [build 3/6] COPY go.mod go.sum ./                               0.0s
[0m[36m => CACHED [build 4/6] RUN go mod download                                 0.0s
[0m[36m => [build 5/6] COPY . .                                                   0.1s
[0m => [build 6/6] RUN go build -o main ./cmd/main.go                        30.3s
[?25h[1A[1A[1A[1A[1A[1A[1A[1A[1A[0G[?25l[+] Building 32.2s (11/15)                                       docker:default
[36m => [stage-1 1/4] FROM docker.io/library/alpine:latest@sha256:0a4eaa0eecf  0.0s
[0m[36m => [internal] load build context                                          0.1s
[0m[36m => => transferring context: 14.36kB                                       0.0s
[0m[36m => CACHED [build 2/6] WORKDIR /app                                        0.0s
[0m[36m => CACHED [build 3/6] COPY go.mod go.sum ./                               0.0s
[0m[36m => CACHED [build 4/6] RUN go mod download                                 0.0s
[0m[36m => [build 5/6] COPY . .                                                   0.1s
[0m => [build 6/6] RUN go build -o main ./cmd/main.go                        30.5s
[?25h[1A[1A[1A[1A[1A[1A[1A[1A[1A[0G[?25l[+] Building 32.4s (11/15)                                       docker:default
[36m => [stage-1 1/4] FROM docker.io/library/alpine:latest@sha256:0a4eaa0eecf  0.0s
[0m[36m => [internal] load build context                                          0.1s
[0m[36m => => transferring context: 14.36kB                                       0.0s
[0m[36m => CACHED [build 2/6] WORKDIR /app                                        0.0s
[0m[36m => CACHED [build 3/6] COPY go.mod go.sum ./                               0.0s
[0m[36m => CACHED [build 4/6] RUN go mod download                                 0.0s
[0m[36m => [build 5/6] COPY . .                                                   0.1s
[0m => [build 6/6] RUN go build -o main ./cmd/main.go                        30.6s
[?25h[1A[1A[1A[1A[1A[1A[1A[1A[1A[0G[?25l[+] Building 32.5s (11/15)                                       docker:default
[36m => [stage-1 1/4] FROM docker.io/library/alpine:latest@sha256:0a4eaa0eecf  0.0s
[0m[36m => [internal] load build context                                          0.1s
[0m[36m => => transferring context: 14.36kB                                       0.0s
[0m[36m => CACHED [build 2/6] WORKDIR /app                                        0.0s
[0m[36m => CACHED [build 3/6] COPY go.mod go.sum ./                               0.0s
[0m[36m => CACHED [build 4/6] RUN go mod download                                 0.0s
[0m[36m => [build 5/6] COPY . .                                                   0.1s
[0m => [build 6/6] RUN go build -o main ./cmd/main.go                        30.8s
[?25h[1A[1A[1A[1A[1A[1A[1A[1A[1A[0G[?25l[+] Building 32.7s (11/15)                                       docker:default
[36m => [stage-1 1/4] FROM docker.io/library/alpine:latest@sha256:0a4eaa0eecf  0.0s
[0m[36m => [internal] load build context                                          0.1s
[0m[36m => => transferring context: 14.36kB                                       0.0s
[0m[36m => CACHED [build 2/6] WORKDIR /app                                        0.0s
[0m[36m => CACHED [build 3/6] COPY go.mod go.sum ./                               0.0s
[0m[36m => CACHED [build 4/6] RUN go mod download                                 0.0s
[0m[36m => [build 5/6] COPY . .                                                   0.1s
[0m => [build 6/6] RUN go build -o main ./cmd/main.go                        30.9s
[?25h[1A[1A[1A[1A[1A[1A[1A[1A[1A[0G[?25l[+] Building 32.8s (11/15)                                       docker:default
[36m => [stage-1 1/4] FROM docker.io/library/alpine:latest@sha256:0a4eaa0eecf  0.0s
[0m[36m => [internal] load build context                                          0.1s
[0m[36m => => transferring context: 14.36kB                                       0.0s
[0m[36m => CACHED [build 2/6] WORKDIR /app                                        0.0s
[0m[36m => CACHED [build 3/6] COPY go.mod go.sum ./                               0.0s
[0m[36m => CACHED [build 4/6] RUN go mod download                                 0.0s
[0m[36m => [build 5/6] COPY . .                                                   0.1s
[0m => [build 6/6] RUN go build -o main ./cmd/main.go                        31.1s
[?25h[1A[1A[1A[1A[1A[1A[1A[1A[1A[0G[?25l[+] Building 33.0s (11/15)                                       docker:default
[36m => [stage-1 1/4] FROM docker.io/library/alpine:latest@sha256:0a4eaa0eecf  0.0s
[0m[36m => [internal] load build context                                          0.1s
[0m[36m => => transferring context: 14.36kB                                       0.0s
[0m[36m => CACHED [build 2/6] WORKDIR /app                                        0.0s
[0m[36m => CACHED [build 3/6] COPY go.mod go.sum ./                               0.0s
[0m[36m => CACHED [build 4/6] RUN go mod download                                 0.0s
[0m[36m => [build 5/6] COPY . .                                                   0.1s
[0m => [build 6/6] RUN go build -o main ./cmd/main.go                        31.2s
[?25h[1A[1A[1A[1A[1A[1A[1A[1A[1A[0G[?25l[+] Building 33.1s (11/15)                                       docker:default
[36m => [stage-1 1/4] FROM docker.io/library/alpine:latest@sha256:0a4eaa0eecf  0.0s
[0m[36m => [internal] load build context                                          0.1s
[0m[36m => => transferring context: 14.36kB                                       0.0s
[0m[36m => CACHED [build 2/6] WORKDIR /app                                        0.0s
[0m[36m => CACHED [build 3/6] COPY go.mod go.sum ./                               0.0s
[0m[36m => CACHED [build 4/6] RUN go mod download                                 0.0s
[0m[36m => [build 5/6] COPY . .                                                   0.1s
[0m => [build 6/6] RUN go build -o main ./cmd/main.go                        31.4s
[?25h[1A[1A[1A[1A[1A[1A[1A[1A[1A[0G[?25l[+] Building 33.3s (11/15)                                       docker:default
[36m => [stage-1 1/4] FROM docker.io/library/alpine:latest@sha256:0a4eaa0eecf  0.0s
[0m[36m => [internal] load build context                                          0.1s
[0m[36m => => transferring context: 14.36kB                                       0.0s
[0m[36m => CACHED [build 2/6] WORKDIR /app                                        0.0s
[0m[36m => CACHED [build 3/6] COPY go.mod go.sum ./                               0.0s
[0m[36m => CACHED [build 4/6] RUN go mod download                                 0.0s
[0m[36m => [build 5/6] COPY . .                                                   0.1s
[0m => [build 6/6] RUN go build -o main ./cmd/main.go                        31.5s
[?25h[1A[1A[1A[1A[1A[1A[1A[1A[1A[0G[?25l[+] Building 33.4s (11/15)                                       docker:default
[36m => [stage-1 1/4] FROM docker.io/library/alpine:latest@sha256:0a4eaa0eecf  0.0s
[0m[36m => [internal] load build context                                          0.1s
[0m[36m => => transferring context: 14.36kB                                       0.0s
[0m[36m => CACHED [build 2/6] WORKDIR /app                                        0.0s
[0m[36m => CACHED [build 3/6] COPY go.mod go.sum ./                               0.0s
[0m[36m => CACHED [build 4/6] RUN go mod download                                 0.0s
[0m[36m => [build 5/6] COPY . .                                                   0.1s
[0m => [build 6/6] RUN go build -o main ./cmd/main.go                        31.7s
[?25h[1A[1A[1A[1A[1A[1A[1A[1A[1A[0G[?25l[+] Building 33.6s (11/15)                                       docker:default
[36m => [stage-1 1/4] FROM docker.io/library/alpine:latest@sha256:0a4eaa0eecf  0.0s
[0m[36m => [internal] load build context                                          0.1s
[0m[36m => => transferring context: 14.36kB                                       0.0s
[0m[36m => CACHED [build 2/6] WORKDIR /app                                        0.0s
[0m[36m => CACHED [build 3/6] COPY go.mod go.sum ./                               0.0s
[0m[36m => CACHED [build 4/6] RUN go mod download                                 0.0s
[0m[36m => [build 5/6] COPY . .                                                   0.1s
[0m => [build 6/6] RUN go build -o main ./cmd/main.go                        31.8s
[?25h[1A[1A[1A[1A[1A[1A[1A[1A[1A[0G[?25l[+] Building 33.7s (11/15)                                       docker:default
[36m => [stage-1 1/4] FROM docker.io/library/alpine:latest@sha256:0a4eaa0eecf  0.0s
[0m[36m => [internal] load build context                                          0.1s
[0m[36m => => transferring context: 14.36kB                                       0.0s
[0m[36m => CACHED [build 2/6] WORKDIR /app                                        0.0s
[0m[36m => CACHED [build 3/6] COPY go.mod go.sum ./                               0.0s
[0m[36m => CACHED [build 4/6] RUN go mod download                                 0.0s
[0m[36m => [build 5/6] COPY . .                                                   0.1s
[0m => [build 6/6] RUN go build -o main ./cmd/main.go                        32.0s
[?25h[1A[1A[1A[1A[1A[1A[1A[1A[1A[0G[?25l[+] Building 33.9s (11/15)                                       docker:default
[36m => [stage-1 1/4] FROM docker.io/library/alpine:latest@sha256:0a4eaa0eecf  0.0s
[0m[36m => [internal] load build context                                          0.1s
[0m[36m => => transferring context: 14.36kB                                       0.0s
[0m[36m => CACHED [build 2/6] WORKDIR /app                                        0.0s
[0m[36m => CACHED [build 3/6] COPY go.mod go.sum ./                               0.0s
[0m[36m => CACHED [build 4/6] RUN go mod download                                 0.0s
[0m[36m => [build 5/6] COPY . .                                                   0.1s
[0m => [build 6/6] RUN go build -o main ./cmd/main.go                        32.1s
[?25h[1A[1A[1A[1A[1A[1A[1A[1A[1A[0G[?25l[+] Building 34.1s (11/15)                                       docker:default
[36m => [stage-1 1/4] FROM docker.io/library/alpine:latest@sha256:0a4eaa0eecf  0.0s
[0m[36m => [internal] load build context                                          0.1s
[0m[36m => => transferring context: 14.36kB                                       0.0s
[0m[36m => CACHED [build 2/6] WORKDIR /app                                        0.0s
[0m[36m => CACHED [build 3/6] COPY go.mod go.sum ./                               0.0s
[0m[36m => CACHED [build 4/6] RUN go mod download                                 0.0s
[0m[36m => [build 5/6] COPY . .                                                   0.1s
[0m => [build 6/6] RUN go build -o main ./cmd/main.go                        32.4s
[?25h[1A[1A[1A[1A[1A[1A[1A[1A[1A[0G[?25l[+] Building 34.2s (11/15)                                       docker:default
[36m => [stage-1 1/4] FROM docker.io/library/alpine:latest@sha256:0a4eaa0eecf  0.0s
[0m[36m => [internal] load build context                                          0.1s
[0m[36m => => transferring context: 14.36kB                                       0.0s
[0m[36m => CACHED [build 2/6] WORKDIR /app                                        0.0s
[0m[36m => CACHED [build 3/6] COPY go.mod go.sum ./                               0.0s
[0m[36m => CACHED [build 4/6] RUN go mod download                                 0.0s
[0m[36m => [build 5/6] COPY . .                                                   0.1s
[0m => [build 6/6] RUN go build -o main ./cmd/main.go                        32.4s
[?25h[1A[1A[1A[1A[1A[1A[1A[1A[1A[0G[?25l[+] Building 34.3s (11/15)                                       docker:default
[36m => [stage-1 1/4] FROM docker.io/library/alpine:latest@sha256:0a4eaa0eecf  0.0s
[0m[36m => [internal] load build context                                          0.1s
[0m[36m => => transferring context: 14.36kB                                       0.0s
[0m[36m => CACHED [build 2/6] WORKDIR /app                                        0.0s
[0m[36m => CACHED [build 3/6] COPY go.mod go.sum ./                               0.0s
[0m[36m => CACHED [build 4/6] RUN go mod download                                 0.0s
[0m[36m => [build 5/6] COPY . .                                                   0.1s
[0m => [build 6/6] RUN go build -o main ./cmd/main.go                        32.6s
[?25h[1A[1A[1A[1A[1A[1A[1A[1A[1A[0G[?25l[+] Building 34.5s (11/15)                                       docker:default
[36m => [stage-1 1/4] FROM docker.io/library/alpine:latest@sha256:0a4eaa0eecf  0.0s
[0m[36m => [internal] load build context                                          0.1s
[0m[36m => => transferring context: 14.36kB                                       0.0s
[0m[36m => CACHED [build 2/6] WORKDIR /app                                        0.0s
[0m[36m => CACHED [build 3/6] COPY go.mod go.sum ./                               0.0s
[0m[36m => CACHED [build 4/6] RUN go mod download                                 0.0s
[0m[36m => [build 5/6] COPY . .                                                   0.1s
[0m => [build 6/6] RUN go build -o main ./cmd/main.go                        32.7s
[?25h[1A[1A[1A[1A[1A[1A[1A[1A[1A[0G[?25l[+] Building 34.6s (11/15)                                       docker:default
[36m => [stage-1 1/4] FROM docker.io/library/alpine:latest@sha256:0a4eaa0eecf  0.0s
[0m[36m => [internal] load build context                                          0.1s
[0m[36m => => transferring context: 14.36kB                                       0.0s
[0m[36m => CACHED [build 2/6] WORKDIR /app                                        0.0s
[0m[36m => CACHED [build 3/6] COPY go.mod go.sum ./                               0.0s
[0m[36m => CACHED [build 4/6] RUN go mod download                                 0.0s
[0m[36m => [build 5/6] COPY . .                                                   0.1s
[0m => [build 6/6] RUN go build -o main ./cmd/main.go                        32.9s
[?25h[1A[1A[1A[1A[1A[1A[1A[1A[1A[0G[?25l[+] Building 34.8s (11/15)                                       docker:default
[36m => [stage-1 1/4] FROM docker.io/library/alpine:latest@sha256:0a4eaa0eecf  0.0s
[0m[36m => [internal] load build context                                          0.1s
[0m[36m => => transferring context: 14.36kB                                       0.0s
[0m[36m => CACHED [build 2/6] WORKDIR /app                                        0.0s
[0m[36m => CACHED [build 3/6] COPY go.mod go.sum ./                               0.0s
[0m[36m => CACHED [build 4/6] RUN go mod download                                 0.0s
[0m[36m => [build 5/6] COPY . .                                                   0.1s
[0m => [build 6/6] RUN go build -o main ./cmd/main.go                        33.0s
[?25h[1A[1A[1A[1A[1A[1A[1A[1A[1A[0G[?25l[+] Building 34.9s (11/15)                                       docker:default
[36m => [stage-1 1/4] FROM docker.io/library/alpine:latest@sha256:0a4eaa0eecf  0.0s
[0m[36m => [internal] load build context                                          0.1s
[0m[36m => => transferring context: 14.36kB                                       0.0s
[0m[36m => CACHED [build 2/6] WORKDIR /app                                        0.0s
[0m[36m => CACHED [build 3/6] COPY go.mod go.sum ./                               0.0s
[0m[36m => CACHED [build 4/6] RUN go mod download                                 0.0s
[0m[36m => [build 5/6] COPY . .                                                   0.1s
[0m => [build 6/6] RUN go build -o main ./cmd/main.go                        33.2s
[?25h[1A[1A[1A[1A[1A[1A[1A[1A[1A[0G[?25l[+] Building 35.1s (11/15)                                       docker:default
[36m => [stage-1 1/4] FROM docker.io/library/alpine:latest@sha256:0a4eaa0eecf  0.0s
[0m[36m => [internal] load build context                                          0.1s
[0m[36m => => transferring context: 14.36kB                                       0.0s
[0m[36m => CACHED [build 2/6] WORKDIR /app                                        0.0s
[0m[36m => CACHED [build 3/6] COPY go.mod go.sum ./                               0.0s
[0m[36m => CACHED [build 4/6] RUN go mod download                                 0.0s
[0m[36m => [build 5/6] COPY . .                                                   0.1s
[0m => [build 6/6] RUN go build -o main ./cmd/main.go                        33.3s
[?25h[1A[1A[1A[1A[1A[1A[1A[1A[1A[0G[?25l[+] Building 35.2s (11/15)                                       docker:default
[36m => [stage-1 1/4] FROM docker.io/library/alpine:latest@sha256:0a4eaa0eecf  0.0s
[0m[36m => [internal] load build context                                          0.1s
[0m[36m => => transferring context: 14.36kB                                       0.0s
[0m[36m => CACHED [build 2/6] WORKDIR /app                                        0.0s
[0m[36m => CACHED [build 3/6] COPY go.mod go.sum ./                               0.0s
[0m[36m => CACHED [build 4/6] RUN go mod download                                 0.0s
[0m[36m => [build 5/6] COPY . .                                                   0.1s
[0m => [build 6/6] RUN go build -o main ./cmd/main.go                        33.5s
[?25h[1A[1A[1A[1A[1A[1A[1A[1A[1A[0G[?25l[+] Building 35.4s (11/15)                                       docker:default
[36m => [stage-1 1/4] FROM docker.io/library/alpine:latest@sha256:0a4eaa0eecf  0.0s
[0m[36m => [internal] load build context                                          0.1s
[0m[36m => => transferring context: 14.36kB                                       0.0s
[0m[36m => CACHED [build 2/6] WORKDIR /app                                        0.0s
[0m[36m => CACHED [build 3/6] COPY go.mod go.sum ./                               0.0s
[0m[36m => CACHED [build 4/6] RUN go mod download                                 0.0s
[0m[36m => [build 5/6] COPY . .                                                   0.1s
[0m => [build 6/6] RUN go build -o main ./cmd/main.go                        33.6s
[?25h[1A[1A[1A[1A[1A[1A[1A[1A[1A[0G[?25l[+] Building 35.5s (11/15)                                       docker:default
[36m => [stage-1 1/4] FROM docker.io/library/alpine:latest@sha256:0a4eaa0eecf  0.0s
[0m[36m => [internal] load build context                                          0.1s
[0m[36m => => transferring context: 14.36kB                                       0.0s
[0m[36m => CACHED [build 2/6] WORKDIR /app                                        0.0s
[0m[36m => CACHED [build 3/6] COPY go.mod go.sum ./                               0.0s
[0m[36m => CACHED [build 4/6] RUN go mod download                                 0.0s
[0m[36m => [build 5/6] COPY . .                                                   0.1s
[0m => [build 6/6] RUN go build -o main ./cmd/main.go                        33.8s
[?25h[1A[1A[1A[1A[1A[1A[1A[1A[1A[0G[?25l[+] Building 35.7s (11/15)                                       docker:default
[36m => [stage-1 1/4] FROM docker.io/library/alpine:latest@sha256:0a4eaa0eecf  0.0s
[0m[36m => [internal] load build context                                          0.1s
[0m[36m => => transferring context: 14.36kB                                       0.0s
[0m[36m => CACHED [build 2/6] WORKDIR /app                                        0.0s
[0m[36m => CACHED [build 3/6] COPY go.mod go.sum ./                               0.0s
[0m[36m => CACHED [build 4/6] RUN go mod download                                 0.0s
[0m[36m => [build 5/6] COPY . .                                                   0.1s
[0m => [build 6/6] RUN go build -o main ./cmd/main.go                        33.9s
[?25h[1A[1A[1A[1A[1A[1A[1A[1A[1A[0G[?25l[+] Building 35.8s (11/15)                                       docker:default
[36m => [stage-1 1/4] FROM docker.io/library/alpine:latest@sha256:0a4eaa0eecf  0.0s
[0m[36m => [internal] load build context                                          0.1s
[0m[36m => => transferring context: 14.36kB                                       0.0s
[0m[36m => CACHED [build 2/6] WORKDIR /app                                        0.0s
[0m[36m => CACHED [build 3/6] COPY go.mod go.sum ./                               0.0s
[0m[36m => CACHED [build 4/6] RUN go mod download                                 0.0s
[0m[36m => [build 5/6] COPY . .                                                   0.1s
[0m => [build 6/6] RUN go build -o main ./cmd/main.go                        34.1s
[?25h[1A[1A[1A[1A[1A[1A[1A[1A[1A[0G[?25l[+] Building 36.0s (11/15)                                       docker:default
[36m => [stage-1 1/4] FROM docker.io/library/alpine:latest@sha256:0a4eaa0eecf  0.0s
[0m[36m => [internal] load build context                                          0.1s
[0m[36m => => transferring context: 14.36kB                                       0.0s
[0m[36m => CACHED [build 2/6] WORKDIR /app                                        0.0s
[0m[36m => CACHED [build 3/6] COPY go.mod go.sum ./                               0.0s
[0m[36m => CACHED [build 4/6] RUN go mod download                                 0.0s
[0m[36m => [build 5/6] COPY . .                                                   0.1s
[0m => [build 6/6] RUN go build -o main ./cmd/main.go                        34.2s
[?25h[1A[1A[1A[1A[1A[1A[1A[1A[1A[0G[?25l[+] Building 36.1s (11/15)                                       docker:default
[36m => [stage-1 1/4] FROM docker.io/library/alpine:latest@sha256:0a4eaa0eecf  0.0s
[0m[36m => [internal] load build context                                          0.1s
[0m[36m => => transferring context: 14.36kB                                       0.0s
[0m[36m => CACHED [build 2/6] WORKDIR /app                                        0.0s
[0m[36m => CACHED [build 3/6] COPY go.mod go.sum ./                               0.0s
[0m[36m => CACHED [build 4/6] RUN go mod download                                 0.0s
[0m[36m => [build 5/6] COPY . .                                                   0.1s
[0m => [build 6/6] RUN go build -o main ./cmd/main.go                        34.4s
[?25h[1A[1A[1A[1A[1A[1A[1A[1A[1A[0G[?25l[+] Building 36.3s (11/15)                                       docker:default
[36m => [stage-1 1/4] FROM docker.io/library/alpine:latest@sha256:0a4eaa0eecf  0.0s
[0m[36m => [internal] load build context                                          0.1s
[0m[36m => => transferring context: 14.36kB                                       0.0s
[0m[36m => CACHED [build 2/6] WORKDIR /app                                        0.0s
[0m[36m => CACHED [build 3/6] COPY go.mod go.sum ./                               0.0s
[0m[36m => CACHED [build 4/6] RUN go mod download                                 0.0s
[0m[36m => [build 5/6] COPY . .                                                   0.1s
[0m => [build 6/6] RUN go build -o main ./cmd/main.go                        34.5s
[?25h[1A[1A[1A[1A[1A[1A[1A[1A[1A[0G[?25l[+] Building 36.4s (11/15)                                       docker:default
[36m => [stage-1 1/4] FROM docker.io/library/alpine:latest@sha256:0a4eaa0eecf  0.0s
[0m[36m => [internal] load build context                                          0.1s
[0m[36m => => transferring context: 14.36kB                                       0.0s
[0m[36m => CACHED [build 2/6] WORKDIR /app                                        0.0s
[0m[36m => CACHED [build 3/6] COPY go.mod go.sum ./                               0.0s
[0m[36m => CACHED [build 4/6] RUN go mod download                                 0.0s
[0m[36m => [build 5/6] COPY . .                                                   0.1s
[0m => [build 6/6] RUN go build -o main ./cmd/main.go                        34.7s
[?25h[1A[1A[1A[1A[1A[1A[1A[1A[1A[0G[?25l[+] Building 36.6s (11/15)                                       docker:default
[36m => [stage-1 1/4] FROM docker.io/library/alpine:latest@sha256:0a4eaa0eecf  0.0s
[0m[36m => [internal] load build context                                          0.1s
[0m[36m => => transferring context: 14.36kB                                       0.0s
[0m[36m => CACHED [build 2/6] WORKDIR /app                                        0.0s
[0m[36m => CACHED [build 3/6] COPY go.mod go.sum ./                               0.0s
[0m[36m => CACHED [build 4/6] RUN go mod download                                 0.0s
[0m[36m => [build 5/6] COPY . .                                                   0.1s
[0m => [build 6/6] RUN go build -o main ./cmd/main.go                        34.8s
[?25h[1A[1A[1A[1A[1A[1A[1A[1A[1A[0G[?25l[+] Building 36.7s (11/15)                                       docker:default
[36m => [stage-1 1/4] FROM docker.io/library/alpine:latest@sha256:0a4eaa0eecf  0.0s
[0m[36m => [internal] load build context                                          0.1s
[0m[36m => => transferring context: 14.36kB                                       0.0s
[0m[36m => CACHED [build 2/6] WORKDIR /app                                        0.0s
[0m[36m => CACHED [build 3/6] COPY go.mod go.sum ./                               0.0s
[0m[36m => CACHED [build 4/6] RUN go mod download                                 0.0s
[0m[36m => [build 5/6] COPY . .                                                   0.1s
[0m => [build 6/6] RUN go build -o main ./cmd/main.go                        35.0s
[?25h[1A[1A[1A[1A[1A[1A[1A[1A[1A[0G[?25l[+] Building 36.9s (11/15)                                       docker:default
[36m => [stage-1 1/4] FROM docker.io/library/alpine:latest@sha256:0a4eaa0eecf  0.0s
[0m[36m => [internal] load build context                                          0.1s
[0m[36m => => transferring context: 14.36kB                                       0.0s
[0m[36m => CACHED [build 2/6] WORKDIR /app                                        0.0s
[0m[36m => CACHED [build 3/6] COPY go.mod go.sum ./                               0.0s
[0m[36m => CACHED [build 4/6] RUN go mod download                                 0.0s
[0m[36m => [build 5/6] COPY . .                                                   0.1s
[0m => [build 6/6] RUN go build -o main ./cmd/main.go                        35.1s
[?25h[1A[1A[1A[1A[1A[1A[1A[1A[1A[0G[?25l[+] Building 37.0s (11/15)                                       docker:default
[36m => [stage-1 1/4] FROM docker.io/library/alpine:latest@sha256:0a4eaa0eecf  0.0s
[0m[36m => [internal] load build context                                          0.1s
[0m[36m => => transferring context: 14.36kB                                       0.0s
[0m[36m => CACHED [build 2/6] WORKDIR /app                                        0.0s
[0m[36m => CACHED [build 3/6] COPY go.mod go.sum ./                               0.0s
[0m[36m => CACHED [build 4/6] RUN go mod download                                 0.0s
[0m[36m => [build 5/6] COPY . .                                                   0.1s
[0m => [build 6/6] RUN go build -o main ./cmd/main.go                        35.3s
[?25h[1A[1A[1A[1A[1A[1A[1A[1A[1A[0G[?25l[+] Building 37.2s (11/15)                                       docker:default
[36m => [stage-1 1/4] FROM docker.io/library/alpine:latest@sha256:0a4eaa0eecf  0.0s
[0m[36m => [internal] load build context                                          0.1s
[0m[36m => => transferring context: 14.36kB                                       0.0s
[0m[36m => CACHED [build 2/6] WORKDIR /app                                        0.0s
[0m[36m => CACHED [build 3/6] COPY go.mod go.sum ./                               0.0s
[0m[36m => CACHED [build 4/6] RUN go mod download                                 0.0s
[0m[36m => [build 5/6] COPY . .                                                   0.1s
[0m => [build 6/6] RUN go build -o main ./cmd/main.go                        35.4s
[?25h[1A[1A[1A[1A[1A[1A[1A[1A[1A[0G[?25l[+] Building 37.3s (11/15)                                       docker:default
[36m => [stage-1 1/4] FROM docker.io/library/alpine:latest@sha256:0a4eaa0eecf  0.0s
[0m[36m => [internal] load build context                                          0.1s
[0m[36m => => transferring context: 14.36kB                                       0.0s
[0m[36m => CACHED [build 2/6] WORKDIR /app                                        0.0s
[0m[36m => CACHED [build 3/6] COPY go.mod go.sum ./                               0.0s
[0m[36m => CACHED [build 4/6] RUN go mod download                                 0.0s
[0m[36m => [build 5/6] COPY . .                                                   0.1s
[0m => [build 6/6] RUN go build -o main ./cmd/main.go                        35.6s
[?25h[1A[1A[1A[1A[1A[1A[1A[1A[1A[0G[?25l[+] Building 37.5s (11/15)                                       docker:default
[36m => [stage-1 1/4] FROM docker.io/library/alpine:latest@sha256:0a4eaa0eecf  0.0s
[0m[36m => [internal] load build context                                          0.1s
[0m[36m => => transferring context: 14.36kB                                       0.0s
[0m[36m => CACHED [build 2/6] WORKDIR /app                                        0.0s
[0m[36m => CACHED [build 3/6] COPY go.mod go.sum ./                               0.0s
[0m[36m => CACHED [build 4/6] RUN go mod download                                 0.0s
[0m[36m => [build 5/6] COPY . .                                                   0.1s
[0m => [build 6/6] RUN go build -o main ./cmd/main.go                        35.7s
[?25h[1A[1A[1A[1A[1A[1A[1A[1A[1A[0G[?25l[+] Building 37.6s (11/15)                                       docker:default
[36m => [stage-1 1/4] FROM docker.io/library/alpine:latest@sha256:0a4eaa0eecf  0.0s
[0m[36m => [internal] load build context                                          0.1s
[0m[36m => => transferring context: 14.36kB                                       0.0s
[0m[36m => CACHED [build 2/6] WORKDIR /app                                        0.0s
[0m[36m => CACHED [build 3/6] COPY go.mod go.sum ./                               0.0s
[0m[36m => CACHED [build 4/6] RUN go mod download                                 0.0s
[0m[36m => [build 5/6] COPY . .                                                   0.1s
[0m => [build 6/6] RUN go build -o main ./cmd/main.go                        35.9s
[?25h[1A[1A[1A[1A[1A[1A[1A[1A[1A[0G[?25l[+] Building 37.8s (11/15)                                       docker:default
[36m => [stage-1 1/4] FROM docker.io/library/alpine:latest@sha256:0a4eaa0eecf  0.0s
[0m[36m => [internal] load build context                                          0.1s
[0m[36m => => transferring context: 14.36kB                                       0.0s
[0m[36m => CACHED [build 2/6] WORKDIR /app                                        0.0s
[0m[36m => CACHED [build 3/6] COPY go.mod go.sum ./                               0.0s
[0m[36m => CACHED [build 4/6] RUN go mod download                                 0.0s
[0m[36m => [build 5/6] COPY . .                                                   0.1s
[0m => [build 6/6] RUN go build -o main ./cmd/main.go                        36.0s
[?25h[1A[1A[1A[1A[1A[1A[1A[1A[1A[0G[?25l[+] Building 37.9s (11/15)                                       docker:default
[36m => [stage-1 1/4] FROM docker.io/library/alpine:latest@sha256:0a4eaa0eecf  0.0s
[0m[36m => [internal] load build context                                          0.1s
[0m[36m => => transferring context: 14.36kB                                       0.0s
[0m[36m => CACHED [build 2/6] WORKDIR /app                                        0.0s
[0m[36m => CACHED [build 3/6] COPY go.mod go.sum ./                               0.0s
[0m[36m => CACHED [build 4/6] RUN go mod download                                 0.0s
[0m[36m => [build 5/6] COPY . .                                                   0.1s
[0m => [build 6/6] RUN go build -o main ./cmd/main.go                        36.2s
[?25h[1A[1A[1A[1A[1A[1A[1A[1A[1A[0G[?25l[+] Building 38.1s (11/15)                                       docker:default
[36m => [stage-1 1/4] FROM docker.io/library/alpine:latest@sha256:0a4eaa0eecf  0.0s
[0m[36m => [internal] load build context                                          0.1s
[0m[36m => => transferring context: 14.36kB                                       0.0s
[0m[36m => CACHED [build 2/6] WORKDIR /app                                        0.0s
[0m[36m => CACHED [build 3/6] COPY go.mod go.sum ./                               0.0s
[0m[36m => CACHED [build 4/6] RUN go mod download                                 0.0s
[0m[36m => [build 5/6] COPY . .                                                   0.1s
[0m => [build 6/6] RUN go build -o main ./cmd/main.go                        36.3s
[?25h[1A[1A[1A[1A[1A[1A[1A[1A[1A[0G[?25l[+] Building 38.2s (11/15)                                       docker:default
[36m => [stage-1 1/4] FROM docker.io/library/alpine:latest@sha256:0a4eaa0eecf  0.0s
[0m[36m => [internal] load build context                                          0.1s
[0m[36m => => transferring context: 14.36kB                                       0.0s
[0m[36m => CACHED [build 2/6] WORKDIR /app                                        0.0s
[0m[36m => CACHED [build 3/6] COPY go.mod go.sum ./                               0.0s
[0m[36m => CACHED [build 4/6] RUN go mod download                                 0.0s
[0m[36m => [build 5/6] COPY . .                                                   0.1s
[0m => [build 6/6] RUN go build -o main ./cmd/main.go                        36.5s
[?25h[1A[1A[1A[1A[1A[1A[1A[1A[1A[0G[?25l[+] Building 38.4s (11/15)                                       docker:default
[36m => [stage-1 1/4] FROM docker.io/library/alpine:latest@sha256:0a4eaa0eecf  0.0s
[0m[36m => [internal] load build context                                          0.1s
[0m[36m => => transferring context: 14.36kB                                       0.0s
[0m[36m => CACHED [build 2/6] WORKDIR /app                                        0.0s
[0m[36m => CACHED [build 3/6] COPY go.mod go.sum ./                               0.0s
[0m[36m => CACHED [build 4/6] RUN go mod download                                 0.0s
[0m[36m => [build 5/6] COPY . .                                                   0.1s
[0m => [build 6/6] RUN go build -o main ./cmd/main.go                        36.6s
[?25h[1A[1A[1A[1A[1A[1A[1A[1A[1A[0G[?25l[+] Building 38.5s (11/15)                                       docker:default
[36m => [stage-1 1/4] FROM docker.io/library/alpine:latest@sha256:0a4eaa0eecf  0.0s
[0m[36m => [internal] load build context                                          0.1s
[0m[36m => => transferring context: 14.36kB                                       0.0s
[0m[36m => CACHED [build 2/6] WORKDIR /app                                        0.0s
[0m[36m => CACHED [build 3/6] COPY go.mod go.sum ./                               0.0s
[0m[36m => CACHED [build 4/6] RUN go mod download                                 0.0s
[0m[36m => [build 5/6] COPY . .                                                   0.1s
[0m => [build 6/6] RUN go build -o main ./cmd/main.go                        36.8s
[?25h[1A[1A[1A[1A[1A[1A[1A[1A[1A[0G[?25l[+] Building 38.7s (11/15)                                       docker:default
[36m => [stage-1 1/4] FROM docker.io/library/alpine:latest@sha256:0a4eaa0eecf  0.0s
[0m[36m => [internal] load build context                                          0.1s
[0m[36m => => transferring context: 14.36kB                                       0.0s
[0m[36m => CACHED [build 2/6] WORKDIR /app                                        0.0s
[0m[36m => CACHED [build 3/6] COPY go.mod go.sum ./                               0.0s
[0m[36m => CACHED [build 4/6] RUN go mod download                                 0.0s
[0m[36m => [build 5/6] COPY . .                                                   0.1s
[0m => [build 6/6] RUN go build -o main ./cmd/main.go                        36.9s
[?25h[1A[1A[1A[1A[1A[1A[1A[1A[1A[0G[?25l[+] Building 38.8s (11/15)                                       docker:default
[36m => [stage-1 1/4] FROM docker.io/library/alpine:latest@sha256:0a4eaa0eecf  0.0s
[0m[36m => [internal] load build context                                          0.1s
[0m[36m => => transferring context: 14.36kB                                       0.0s
[0m[36m => CACHED [build 2/6] WORKDIR /app                                        0.0s
[0m[36m => CACHED [build 3/6] COPY go.mod go.sum ./                               0.0s
[0m[36m => CACHED [build 4/6] RUN go mod download                                 0.0s
[0m[36m => [build 5/6] COPY . .                                                   0.1s
[0m => [build 6/6] RUN go build -o main ./cmd/main.go                        37.1s
[?25h[1A[1A[1A[1A[1A[1A[1A[1A[1A[0G[?25l[+] Building 39.0s (11/15)                                       docker:default
[36m => [stage-1 1/4] FROM docker.io/library/alpine:latest@sha256:0a4eaa0eecf  0.0s
[0m[36m => [internal] load build context                                          0.1s
[0m[36m => => transferring context: 14.36kB                                       0.0s
[0m[36m => CACHED [build 2/6] WORKDIR /app                                        0.0s
[0m[36m => CACHED [build 3/6] COPY go.mod go.sum ./                               0.0s
[0m[36m => CACHED [build 4/6] RUN go mod download                                 0.0s
[0m[36m => [build 5/6] COPY . .                                                   0.1s
[0m => [build 6/6] RUN go build -o main ./cmd/main.go                        37.2s
[?25h[1A[1A[1A[1A[1A[1A[1A[1A[1A[0G[?25l[+] Building 39.1s (11/15)                                       docker:default
[36m => [stage-1 1/4] FROM docker.io/library/alpine:latest@sha256:0a4eaa0eecf  0.0s
[0m[36m => [internal] load build context                                          0.1s
[0m[36m => => transferring context: 14.36kB                                       0.0s
[0m[36m => CACHED [build 2/6] WORKDIR /app                                        0.0s
[0m[36m => CACHED [build 3/6] COPY go.mod go.sum ./                               0.0s
[0m[36m => CACHED [build 4/6] RUN go mod download                                 0.0s
[0m[36m => [build 5/6] COPY . .                                                   0.1s
[0m => [build 6/6] RUN go build -o main ./cmd/main.go                        37.4s
[?25h[1A[1A[1A[1A[1A[1A[1A[1A[1A[0G[?25l[+] Building 39.1s (12/15)                                       docker:default
[36m => [stage-1 1/4] FROM docker.io/library/alpine:latest@sha256:0a4eaa0eecf  0.0s
[0m[36m => [internal] load build context                                          0.1s
[0m[36m => => transferring context: 14.36kB                                       0.0s
[0m[36m => CACHED [build 2/6] WORKDIR /app                                        0.0s
[0m[36m => CACHED [build 3/6] COPY go.mod go.sum ./                               0.0s
[0m[36m => CACHED [build 4/6] RUN go mod download                                 0.0s
[0m[36m => [build 5/6] COPY . .                                                   0.1s
[0m[36m => [build 6/6] RUN go build -o main ./cmd/main.go                        37.4s
[0m[?25h[1A[1A[1A[1A[1A[1A[1A[1A[1A[0G[?25l[+] Building 39.4s (16/16) FINISHED                              docker:default
[36m => [internal] load build definition from Dockerfile                       0.0s
[0m[36m => => transferring dockerfile: 608B                                       0.0s
[0m[36m => [internal] load metadata for docker.io/library/alpine:latest           1.5s
[0m[36m => [internal] load metadata for docker.io/library/golang:1.22             1.5s
[0m[36m => [internal] load .dockerignore                                          0.0s
[0m[36m => => transferring context: 2B                                            0.0s
[0m[36m => [build 1/6] FROM docker.io/library/golang:1.22@sha256:d5e49f92b9566b0  0.0s
[0m[36m => [stage-1 1/4] FROM docker.io/library/alpine:latest@sha256:0a4eaa0eecf  0.0s
[0m[36m => [internal] load build context                                          0.1s
[0m[36m => => transferring context: 14.36kB                                       0.0s
[0m[36m => CACHED [build 2/6] WORKDIR /app                                        0.0s
[0m[36m => CACHED [build 3/6] COPY go.mod go.sum ./                               0.0s
[0m[36m => CACHED [build 4/6] RUN go mod download                                 0.0s
[0m[36m => [build 5/6] COPY . .                                                   0.1s
[0m[36m => [build 6/6] RUN go build -o main ./cmd/main.go                        37.4s
[0m[36m => CACHED [stage-1 2/4] WORKDIR /root/                                    0.0s
[0m[36m => CACHED [stage-1 3/4] RUN apk --no-cache add ca-certificates            0.0s
[0m[36m => CACHED [stage-1 4/4] COPY --from=build /app/main .                     0.0s
[0m[36m => exporting to image                                                     0.0s
[0m[36m => => exporting layers                                                    0.0s
[0m[36m => => writing image sha256:82caae0b7a7088a7872aeadbee1f5260fde43fb9328ce  0.0s
[0m[36m => => naming to docker.io/library/myanimeapi-api                          0.0s
[0m[?25h
